orden,interseccion,color_todos,color_les,color_fall,color_transp,
1,Diaz Ordaz con Corregidora,#a60000,#a60000,#a60000,#a60000,
2,Morones Prieto con Canteras,#a60000,#a60000,#a60000,#a60000,
3,Diaz Ordaz con Oro,#a60000,#a60000,#a60000,#a60000,
4,Jose Vasconcelos con Montes Rocallosos,#a60000,#a60000,#a60000,#a60000,
5,Morones Prieto con Humberto Lobo,#cf0202,#cf0202,#cf0202,#cf0202,
6,Lazaro Cardenas con Montes Celestes,#cf0202,#cf0202,#cf0202,#cf0202,
7,Lazaro Cardenas con Jose Maria Escriva,#cf0202,#cf0202,#cf0202,#cf0202,
8,Lazaro Cardenas con Jesus Reyes Fereyra,#cf0202,#cf0202,#cf0202,#cf0202,
9,Ricardo Margain con Valle Sol,#cf0202,#cf0202,#cf0202,#cf0202,
10,Morones Prieto con Benito Juarez,#ed3232,#ed3232,#ed3232,#ed3232,
11,Diaz Ordaz con Maria Cantu,#ed3232,#ed3232,#ed3232,#ed3232,
12,Morones Prieto con Santa Barbara,#ed3232,#ed3232,#ed3232,#ed3232,
13,Gomez Morin con Rio Guadalquivir,#ed5732,#ed5732,#ed5732,#ed5732,
14,Lazaro Cardenas con Lomas Del Mar,#ed5732,#ed5732,#ed5732,#ed5732,
15,Morones Prieto con Corregidora,#ed5732,#ed5732,#ed5732,#ed5732,
16,Lazaro Cardenas con San Alberto,#ed5732,#ed5732,#ed5732,#ed5732,
17,Diaz Ordaz con Zinc,#ed5732,#ed5732,#ed5732,#ed5732,
18,Lazaro Cardenas con Diego Rivera,#ed5732,#ed5732,#ed5732,#ed5732,
19,Morones Prieto con Rio Suchiate,#ed5732,#ed5732,#ed5732,#ed5732,
20,Calzada San Pedro con Rio Mississippi,#ed5732,#ed5732,#ed5732,#ed5732,
21,Calzada San Pedro con Rio Missouri,#ed5732,#ed5732,#ed5732,#ed5732,
22,Calzada Del Rosario con Privada Esperanza,#ed5732,#ed5732,#ed5732,#ed5732,
23,Lazaro Cardenas con Torrevillas,#ed5732,#ed5732,#ed5732,#ed5732,
24,Cobalto con Platino,#ed5732,#ed5732,#ed5732,#ed5732,
25,Morones Prieto con Manuel Santos,#ed5732,#ed5732,#ed5732,#ed5732,
26,Alfonso Reyes con La Escondida,#ed5732,#ed5732,#ed5732,#ed5732,
27,Jose Vasconcelos con Los Rosales,#ed5732,#ed5732,#ed5732,#ed5732,
28,Lazaro Cardenas con Dr Atl,#ed5732,#ed5732,#ed5732,#ed5732,
29,Eugenio Garza Laguera con Lomas De San Agustin,#ed5732,#ed5732,#ed5732,#ed5732,
30,Morones Prieto con Rio Bravo,#ed5732,#ed5732,#ed5732,#ed5732,
31,Ricardo Margain con Roble,#ed5732,#ed5732,#ed5732,#ed5732,
32,Calzada Del Valle con Rio Grijalva,#ed5732,#ed5732,#ed5732,#ed5732,
33,Morones Prieto con Francisco Villa,#ed7a32,#ed7a32,#ed7a32,#ed7a32,
34,Calzada Del Valle con Calzada San Pedro,#ed7a32,#ed7a32,#ed7a32,#ed7a32,
35,Jose Vasconcelos con Morones Prieto,#ed7a32,#ed7a32,#ed7a32,#ed7a32,
36,Morones Prieto con Jimenez,#ed7a32,#ed7a32,#ed7a32,#ed7a32,
37,Eugenio Garza Laguera con Rufino Tamayo,#ed7a32,#ed7a32,#ed7a32,#ed7a32,
38,Jose Vasconcelos con Benito Juarez,#ed7a32,#ed7a32,#ed7a32,#ed7a32,
39,Lazaro Cardenas con Rio Tamuin,#ed7a32,#ed7a32,#ed7a32,#ed7a32,
40,Lazaro Cardenas con Pedro Ramirez Vazquez,#ed7a32,#ed7a32,#ed7a32,#ed7a32,
41,Alfonso Reyes con Padre Mier,#ed7a32,#ed7a32,#ed7a32,#ed7a32,
42,Jose Vasconcelos con Neil Armstrong,#42f581,#c6cc14,#f54242,#00FFFFFF,cut
43,Gomez Morin con Roberto Garza Sada,#42f581,#c6cc14,#f54242,#00FFFFFF,
44,Morones Prieto con Niños Heroes,#42f581,#c6cc14,#f54242,#00FFFFFF,
45,Jose Vasconcelos con Treviño,#42f581,#c6cc14,#f54242,#00FFFFFF,
46,Morones Prieto con Hortelanos,#42f581,#c6cc14,#f54242,#00FFFFFF,
47,Callejon De Los Ayala con Rio Jordan,#42f581,#c6cc14,#f54242,#00FFFFFF,
48,Calzada Del Valle con Humberto Lobo,#42f581,#c6cc14,#f54242,#00FFFFFF,
49,Morones Prieto con Monte Palatino,#42f581,#c6cc14,#f54242,#00FFFFFF,
50,Lazaro Cardenas con Rufino Tamayo,#42f581,#c6cc14,#f54242,#00FFFFFF,
51,Jose Vasconcelos con Gomez Morin,#42f581,#c6cc14,#f54242,#00FFFFFF,
52,Gomez Morin con Rio Mississippi,#42f581,#c6cc14,#f54242,#00FFFFFF,
53,Morones Prieto con Calzada San Pedro,#42f581,#c6cc14,#f54242,#00FFFFFF,
54,Jose Vasconcelos con Manuel Doblado,#42f581,#c6cc14,#f54242,#00FFFFFF,
55,Lazaro Cardenas con Real San Agustin,#42f581,#c6cc14,#f54242,#00FFFFFF,
56,Santa Barbara con Callejon De Capellania,#42f581,#c6cc14,#f54242,#00FFFFFF,
57,Jose Vasconcelos con Rio Suchiate,#42f581,#c6cc14,#f54242,#00FFFFFF,
58,Jose Vasconcelos con Rio Moctezuma,#42f581,#c6cc14,#f54242,#00FFFFFF,
59,Jose Vasconcelos con Santa Barbara,#42f581,#c6cc14,#f54242,#00FFFFFF,
60,Benito Juarez con Callejon De Capellania,#42f581,#c6cc14,#f54242,#00FFFFFF,
61,Calzada Del Valle con Rio Suchiate,#42f581,#c6cc14,#f54242,#00FFFFFF,
62,Jose Vasconcelos con Jeronimo Siller,#42f581,#c6cc14,#f54242,#00FFFFFF,
63,Lazaro Cardenas con Paseo Olga,#42f581,#c6cc14,#f54242,#00FFFFFF,
64,Alfonso Reyes con Ricardo Margain,#42f581,#c6cc14,#f54242,#00FFFFFF,
65,Jose Vasconcelos con Bosques De Canada,#42f581,#c6cc14,#f54242,#00FFFFFF,
66,Batallon De San Patricio con Diego Rivera,#42f581,#c6cc14,#f54242,#00FFFFFF,
67,Alfonso Reyes con Priv. Campestre,#42f581,#c6cc14,#f54242,#00FFFFFF,
68,Morones Prieto con San Patricio,#42f581,#c6cc14,#f54242,#00FFFFFF,
69,Jose Vasconcelos con Rio Lys,#42f581,#c6cc14,#f54242,#00FFFFFF,
70,Jose Vasconcelos con Ricardo Margain,#42f581,#c6cc14,#f54242,#00FFFFFF,
71,Jose Vasconcelos con Humberto Lobo,#42f581,#c6cc14,#f54242,#00FFFFFF,
72,Gomez Morin con Calzada Del Valle,#42f581,#c6cc14,#f54242,#00FFFFFF,
73,Gomez Morin con Magnolia,#42f581,#c6cc14,#f54242,#00FFFFFF,
74,Jose Vasconcelos con Rio Bravo,#42f581,#c6cc14,#f54242,#00FFFFFF,
75,Jose Vasconcelos con Conquistadores,#42f581,#c6cc14,#f54242,#00FFFFFF,
76,Calzada Del Valle con Rio Tamazunchale,#42f581,#c6cc14,#f54242,#00FFFFFF,
77,Alfonso Reyes con Real San Agustin,#42f581,#c6cc14,#f54242,#00FFFFFF,
78,Corregidora con Francisco Villa,#42f581,#c6cc14,#f54242,#00FFFFFF,
79,Alfonso Reyes con Matamoros,#42f581,#c6cc14,#f54242,#00FFFFFF,
80,Diaz Ordaz con Hidalgo,#42f581,#c6cc14,#f54242,#00FFFFFF,
81,Gomez Morin con Roble,#42f581,#c6cc14,#f54242,#00FFFFFF,
82,Jose Vasconcelos con San Agustin,#42f581,#c6cc14,#f54242,#00FFFFFF,
83,Jose Vasconcelos con Rosales,#42f581,#c6cc14,#f54242,#00FFFFFF,
84,Jose Vasconcelos con Olmos,#42f581,#c6cc14,#f54242,#00FFFFFF,
85,Alfonso Reyes con Corregidora,#42f581,#c6cc14,#f54242,#00FFFFFF,
86,Lazaro Cardenas con Los Arcangeles,#42f581,#c6cc14,#f54242,#00FFFFFF,
87,Jose Vasconcelos con Gral Naranjo,#42f581,#c6cc14,#f54242,#00FFFFFF,
88,Calzada Del Valle con Rio Bravo,#42f581,#c6cc14,#f54242,#00FFFFFF,
89,Calzada San Pedro con Rio Volga,#42f581,#c6cc14,#f54242,#00FFFFFF,
90,Real San Agustin con Montes Rocallosos,#42f581,#c6cc14,#f54242,#00FFFFFF,
91,Jose Vasconcelos con Zaragoza,#42f581,#c6cc14,#f54242,#00FFFFFF,
92,Calzada San Pedro con Rio Amazonas,#42f581,#c6cc14,#f54242,#00FFFFFF,
93,Alfonso Reyes con Rio Akumal,#42f581,#c6cc14,#f54242,#00FFFFFF,
94,Alfonso Reyes con Gomez Morin,#42f581,#c6cc14,#f54242,#00FFFFFF,
95,Santa Barbara con Callejon De Los Ayala,#42f581,#c6cc14,#f54242,#00FFFFFF,
96,Corregidora con Manuel J. Clouthier,#42f581,#c6cc14,#f54242,#00FFFFFF,
97,Jose Vasconcelos con Matamoros,#42f581,#c6cc14,#f54242,#00FFFFFF,
98,Jose Vasconcelos con Guillermo Prieto,#42f581,#c6cc14,#f54242,#00FFFFFF,
99,Eugenio Garza Laguera con Jesus Reyes Fereyra,#42f581,#c6cc14,#f54242,#00FFFFFF,
100,Jose Vasconcelos con Bosques Del Valle,#42f581,#c6cc14,#f54242,#00FFFFFF,
101,Morones Prieto con Udem,#42f581,#c6cc14,#f54242,#00FFFFFF,
102,Ricardo Margain con Eucalipto,#42f581,#c6cc14,#f54242,#00FFFFFF,
103,Corregidora con Callejon De Los Arizpe,#42f581,#c6cc14,#f54242,#00FFFFFF,
104,Jose Vasconcelos con Rio Rosas,#42f581,#c6cc14,#f54242,#00FFFFFF,
105,Rio Tamazunchale con Rio Volga,#42f581,#c6cc14,#f54242,#00FFFFFF,
106,Eugenio Garza Laguera con Batallon De San Patricio,#42f581,#c6cc14,#f54242,#00FFFFFF,
107,Enrique Garcia Leal con Zinc,#42f581,#c6cc14,#f54242,#00FFFFFF,
108,Gomez Morin con Rio Missouri,#42f581,#c6cc14,#f54242,#00FFFFFF,
109,Lazaro Cardenas con David A. Siqueiros,#42f581,#c6cc14,#f54242,#00FFFFFF,
110,Calzada Del Valle con Rio Tamesis,#42f581,#c6cc14,#f54242,#00FFFFFF,
111,Rio Mississippi con Rio Grijalva,#42f581,#c6cc14,#f54242,#00FFFFFF,
112,Alfonso Reyes con Genaro Garza Garcia,#42f581,#c6cc14,#f54242,#00FFFFFF,
113,Alfonso Reyes con Neil Armstrong,#42f581,#c6cc14,#f54242,#00FFFFFF,
114,Alfonso Reyes con Jeronimo Siller,#42f581,#c6cc14,#f54242,#00FFFFFF,
115,Lazaro Cardenas con Ricardo Margain,#42f581,#c6cc14,#f54242,#00FFFFFF,
116,Manuel J. Clouthier con Oro,#42f581,#c6cc14,#f54242,#00FFFFFF,
117,Jose Vasconcelos con Degollado,#42f581,#c6cc14,#f54242,#00FFFFFF,
118,Alfonso Reyes con Las Sendas,#42f581,#c6cc14,#f54242,#00FFFFFF,
119,Jose Vasconcelos con Genaro Garza Garcia,#42f581,#c6cc14,#f54242,#00FFFFFF,
120,Jose Vasconcelos con Juan I. Ramon,#42f581,#c6cc14,#f54242,#00FFFFFF,
121,Jose Vasconcelos con Corregidora,#42f581,#c6cc14,#f54242,#00FFFFFF,
122,Benito Juarez con Reforma,#42f581,#c6cc14,#f54242,#00FFFFFF,
123,Alfonso Reyes con Lomas Del Valle,#42f581,#c6cc14,#f54242,#00FFFFFF,
124,Jose Vasconcelos con Los Aldama,#42f581,#c6cc14,#f54242,#00FFFFFF,
125,Jose Vasconcelos con Rio Sena,#42f581,#c6cc14,#f54242,#00FFFFFF,
126,Jose Vasconcelos con Guerrero,#42f581,#c6cc14,#f54242,#00FFFFFF,
127,Jose Vasconcelos con Morelos,#42f581,#c6cc14,#f54242,#00FFFFFF,
128,Santa Barbara con Santa Monica,#42f581,#c6cc14,#f54242,#00FFFFFF,
129,Humberto Lobo con Rio Orinoco,#42f581,#c6cc14,#f54242,#00FFFFFF,
130,Jose Vasconcelos con Manuel Gonzalez,#42f581,#c6cc14,#f54242,#00FFFFFF,
131,Las Torres con Oro,#42f581,#c6cc14,#f54242,#00FFFFFF,
132,L. Garza Ayala con Diego Saldivar,#42f581,#c6cc14,#f54242,#00FFFFFF,
133,Rio Suchiate con Rio Sena,#42f581,#c6cc14,#f54242,#00FFFFFF,
134,Jimenez con Las Palmas,#42f581,#c6cc14,#f54242,#00FFFFFF,
135,Gomez Morin con Priv. Encinos,#42f581,#c6cc14,#f54242,#00FFFFFF,
136,Roberto Garza Sada con Sierra Azul,#42f581,#c6cc14,#f54242,#00FFFFFF,
137,Morones Prieto con Santa Catarina,#42f581,#c6cc14,#f54242,#00FFFFFF,
138,Calzada Del Valle con La Alianza,#42f581,#c6cc14,#f54242,#00FFFFFF,
139,Humberto Lobo con Rio Elba,#42f581,#c6cc14,#f54242,#00FFFFFF,
140,Rio Rosas con Rio Guadalquivir,#42f581,#c6cc14,#f54242,#00FFFFFF,
141,Corregidora con 16 De Sep.,#42f581,#c6cc14,#f54242,#00FFFFFF,
142,Roberto Garza Sada con Alejandrina,#42f581,#c6cc14,#f54242,#00FFFFFF,
143,Calzada Del Valle con Rio Moctezuma,#42f581,#c6cc14,#f54242,#00FFFFFF,
144,Real San Agustin con Batallon De San Patricio,#42f581,#c6cc14,#f54242,#00FFFFFF,
145,Alfonso Reyes con Jimenez,#42f581,#c6cc14,#f54242,#00FFFFFF,
146,Santa Barbara con Porfirio Diaz,#42f581,#c6cc14,#f54242,#00FFFFFF,
147,Jose Vasconcelos con Rio Tamesis,#42f581,#c6cc14,#f54242,#00FFFFFF,
148,Batallon De San Patricio con Maria Izquierdo,#42f581,#c6cc14,#f54242,#00FFFFFF,
149,Alfonso Reyes con Las Olimpiadas,#42f581,#c6cc14,#f54242,#00FFFFFF,
150,Lazaro Cardenas con Casolar,#42f581,#c6cc14,#f54242,#00FFFFFF,
151,Jose Vasconcelos con Sabino,#42f581,#c6cc14,#f54242,#00FFFFFF,
152,Jose Vasconcelos con Plutarco Elias Calles,#42f581,#c6cc14,#f54242,#00FFFFFF,
153,Jose Vasconcelos con Priv. Jesus Mata,#42f581,#c6cc14,#f54242,#00FFFFFF,
154,Corregidora con Enrique Garcia Leal,#42f581,#c6cc14,#f54242,#00FFFFFF,
155,Alfonso Reyes con Dublin Poniente,#42f581,#c6cc14,#f54242,#00FFFFFF,
156,Morones Prieto con Libertad,#42f581,#c6cc14,#f54242,#00FFFFFF,
157,Roberto Garza Sada con Lomas Del Valle,#42f581,#c6cc14,#f54242,#00FFFFFF,
158,Alfonso Reyes con Lopez Mateos,#42f581,#c6cc14,#f54242,#00FFFFFF,
159,Calzada Del Valle con Rio Rosas,#42f581,#c6cc14,#f54242,#00FFFFFF,
160,Jose Vasconcelos con Rio Balsas,#42f581,#c6cc14,#f54242,#00FFFFFF,
161,Jimenez con 5 De Mayo,#42f581,#c6cc14,#f54242,#00FFFFFF,
162,Santa Barbara con Callejon De Los Arizpe,#42f581,#c6cc14,#f54242,#00FFFFFF,
163,Alfonso Reyes con Guillermo Prieto,#42f581,#c6cc14,#f54242,#00FFFFFF,
164,Rio Orinoco con Rio Tamazunchale,#42f581,#c6cc14,#f54242,#00FFFFFF,
165,Alfonso Reyes con Dublin Oriente,#42f581,#c6cc14,#f54242,#00FFFFFF,
166,Rio Missouri con Olivos,#42f581,#c6cc14,#f54242,#00FFFFFF,
167,Alfonso Reyes con Bosques Del Valle,#42f581,#c6cc14,#f54242,#00FFFFFF,
168,Humberto Lobo con Rio Sena,#42f581,#c6cc14,#f54242,#00FFFFFF,
169,Jose Vasconcelos con Calzada San Pedro,#42f581,#c6cc14,#f54242,#00FFFFFF,
170,Gomez Morin con Rio Amazonas,#42f581,#c6cc14,#f54242,#00FFFFFF,
171,Corregidora con Plan Del Rio,#42f581,#c6cc14,#f54242,#00FFFFFF,
172,Rufino Tamayo con Humberto Junco,#42f581,#c6cc14,#f54242,#00FFFFFF,
173,Jose Vasconcelos con Privada Rio Rosas,#42f581,#c6cc14,#f54242,#00FFFFFF,
174,Ricardo Margain con Canelos,#42f581,#c6cc14,#f54242,#00FFFFFF,
175,Jimenez con L. Garza Ayala,#42f581,#c6cc14,#f54242,#00FFFFFF,
176,Rio Suchiate con Rio Amazonas,#42f581,#c6cc14,#f54242,#00FFFFFF,
177,Grafito con Fierro,#42f581,#c6cc14,#f54242,#00FFFFFF,
178,Calzada Del Valle con Rio Jordan,#42f581,#c6cc14,#f54242,#00FFFFFF,
179,Alfonso Reyes con Vereda,#42f581,#c6cc14,#f54242,#00FFFFFF,
180,Rio Mississippi con Rio Rosas,#42f581,#c6cc14,#f54242,#00FFFFFF,
181,Rio Mississippi con Rio Tamazunchale,#42f581,#c6cc14,#f54242,#00FFFFFF,
182,Emiliano Zapata con Niceforo Zambrano,#42f581,#c6cc14,#f54242,#00FFFFFF,
183,Enrique Garcia Leal con 20 De Noviembre,#42f581,#c6cc14,#f54242,#00FFFFFF,
184,Real San Agustin con Lampazos,#42f581,#c6cc14,#f54242,#00FFFFFF,
185,Cobalto con Fierro,#42f581,#c6cc14,#f54242,#00FFFFFF,
186,Corregidora con Libertad,#42f581,#c6cc14,#f54242,#00FFFFFF,
187,Ricardo Margain con Rio Pantepec,#42f581,#c6cc14,#f54242,#00FFFFFF,
188,Alfonso Reyes con Bosques De Cuernavaca,#42f581,#c6cc14,#f54242,#00FFFFFF,
189,Corregidora con 5 De Mayo,#42f581,#c6cc14,#f54242,#00FFFFFF,
190,Rio Orinoco con Rio Tamesis,#42f581,#c6cc14,#f54242,#00FFFFFF,
191,Cobalto con Zinc,#42f581,#c6cc14,#f54242,#00FFFFFF,
192,Ricardo Margain con Rio Parana,#42f581,#c6cc14,#f54242,#00FFFFFF,
193,Rio Suchiate con Rio Volga,#42f581,#c6cc14,#f54242,#00FFFFFF,
194,Rio Suchiate con Via Triumphalis,#42f581,#c6cc14,#f54242,#00FFFFFF,
195,Real San Agustin con San Agustin,#42f581,#c6cc14,#f54242,#00FFFFFF,
196,Emiliano Zapata con Plan De Gpe.,#42f581,#c6cc14,#f54242,#00FFFFFF,
197,Roberto Garza Sada con La Riviera,#42f581,#c6cc14,#f54242,#00FFFFFF,
198,Rio Orinoco con Rio Moctezuma,#42f581,#c6cc14,#f54242,#00FFFFFF,
199,Morones Prieto con Via Popilia,#42f581,#c6cc14,#f54242,#00FFFFFF,
200,Gomez Morin con Rio De La Plata,#42f581,#c6cc14,#f54242,#00FFFFFF,
201,Jose Vasconcelos con Monte Icutu,#42f581,#c6cc14,#f54242,#00FFFFFF,
202,Ricardo Margain con De La Industria,#42f581,#c6cc14,#f54242,#00FFFFFF,
203,Gomez Morin con Rio Manzanares,#42f581,#c6cc14,#f54242,#00FFFFFF,
204,Corregidora con Lucio Blanco,#42f581,#c6cc14,#f54242,#00FFFFFF,
205,Alfonso Reyes con Santa Barbara,#42f581,#c6cc14,#f54242,#00FFFFFF,
206,Humberto Lobo con Rio Madeira,#42f581,#c6cc14,#f54242,#00FFFFFF,
207,Calzada San Pedro con Fuentes Del Valle,#42f581,#c6cc14,#f54242,#00FFFFFF,
208,Calzada Del Valle con Rio Balsas,#42f581,#c6cc14,#f54242,#00FFFFFF,
209,Calzada San Pedro con Via Angelica,#42f581,#c6cc14,#f54242,#00FFFFFF,
210,Jose Vasconcelos con Rio Nazas,#42f581,#c6cc14,#f54242,#00FFFFFF,
211,Jose Vasconcelos con J. M. Montemayor,#42f581,#c6cc14,#f54242,#00FFFFFF,
212,Humberto Lobo con Rio Mississippi,#42f581,#c6cc14,#f54242,#00FFFFFF,
213,Jose Vasconcelos con Jimenez,#42f581,#c6cc14,#f54242,#00FFFFFF,
214,Jose Vasconcelos con Rio Mosa,#42f581,#c6cc14,#f54242,#00FFFFFF,
215,Morones Prieto con Diego Saldivar,#42f581,#c6cc14,#f54242,#00FFFFFF,
216,Jose Vasconcelos con Diego Saldivar,#42f581,#c6cc14,#f54242,#00FFFFFF,
217,Jose Vasconcelos con 20 De Noviembre,#42f581,#c6cc14,#f54242,#00FFFFFF,
218,Ricardo Margain con Sofia,#42f581,#c6cc14,#f54242,#00FFFFFF,
219,Benito Juarez con Libertad,#42f581,#c6cc14,#f54242,#00FFFFFF,
220,Emiliano Zapata con Pedro N. Perales,#42f581,#c6cc14,#f54242,#00FFFFFF,
221,Jose Vasconcelos con Bosques De Chapultepec,#42f581,#c6cc14,#f54242,#00FFFFFF,
222,Alfonso Reyes con Bosques Del Olivo,#42f581,#c6cc14,#f54242,#00FFFFFF,
223,Humberto Lobo con Rio De La Plata,#42f581,#c6cc14,#f54242,#00FFFFFF,
224,Jose Vasconcelos con Rio Tamazunchale,#42f581,#c6cc14,#f54242,#00FFFFFF,
225,Real San Agustin con Montes Apalaches,#42f581,#c6cc14,#f54242,#00FFFFFF,
226,Ricardo Margain con Rio Missouri,#42f581,#c6cc14,#f54242,#00FFFFFF,
227,Jose Vasconcelos con Lomas Del Valle,#42f581,#c6cc14,#f54242,#00FFFFFF,
228,Roberto Garza Sada con Jeronimo Siller,#42f581,#c6cc14,#f54242,#00FFFFFF,
229,Ricardo Margain con Arbol,#42f581,#c6cc14,#f54242,#00FFFFFF,
230,Jose Vasconcelos con Rio Tigris,#42f581,#c6cc14,#f54242,#00FFFFFF,
231,Lazaro Cardenas con Montes Carpatos,#42f581,#c6cc14,#f54242,#00FFFFFF,
232,Manuel J. Clouthier con Bernardo Reyes,#42f581,#c6cc14,#f54242,#00FFFFFF,
233,Emiliano Zapata con Jose Benitez,#42f581,#c6cc14,#f54242,#00FFFFFF,
234,Humberto Lobo con Rio Danubio,#42f581,#c6cc14,#f54242,#00FFFFFF,
235,Grafito con Zinc,#42f581,#c6cc14,#f54242,#00FFFFFF,
236,Manuel J. Clouthier con Cobre,#42f581,#c6cc14,#f54242,#00FFFFFF,
237,Alfonso Reyes con Sierra Verde,#42f581,#c6cc14,#f54242,#00FFFFFF,
238,Manuel J. Clouthier con Plata,#42f581,#c6cc14,#f54242,#00FFFFFF,
239,Jose Vasconcelos con Lic. Verdad,#42f581,#c6cc14,#f54242,#00FFFFFF,
240,Alfonso Reyes con Priv. La Herradura,#42f581,#c6cc14,#f54242,#00FFFFFF,
241,Bosques Del Valle con Bosques Del Alamo,#42f581,#c6cc14,#f54242,#00FFFFFF,
242,Manuel J. Clouthier con Cromo,#42f581,#c6cc14,#f54242,#00FFFFFF,
243,Alfonso Reyes con Privada Centenario,#42f581,#c6cc14,#f54242,#00FFFFFF,
244,Manuel J. Clouthier con Benjamin Hill,#42f581,#c6cc14,#f54242,#00FFFFFF,
245,Roberto Garza Sada con Alberto R. Gonzalez,#42f581,#c6cc14,#f54242,#00FFFFFF,
246,Lomas Del Valle con Cascada,#42f581,#c6cc14,#f54242,#00FFFFFF,
247,Manuel J. Clouthier con Alejandro Vi,#42f581,#c6cc14,#f54242,#00FFFFFF,
248,Eugenio Garza Laguera con Vereda De Las Privanzas,#42f581,#c6cc14,#f54242,#00FFFFFF,
249,Gomez Morin con Los Barragan,#42f581,#c6cc14,#f54242,#00FFFFFF,
250,Lomas Del Valle con Rio Pilon,#42f581,#c6cc14,#f54242,#00FFFFFF,
251,Manuel J. Clouthier con Division Del Norte,#42f581,#c6cc14,#f54242,#00FFFFFF,
252,Zinc con Plomo,#42f581,#c6cc14,#f54242,#00FFFFFF,
253,Jose Vasconcelos con Allende,#42f581,#c6cc14,#f54242,#00FFFFFF,
254,Eugenio Garza Laguera con La Ceiba,#42f581,#c6cc14,#f54242,#00FFFFFF,
255,Calzada San Pedro con Via Triumphalis,#42f581,#c6cc14,#f54242,#00FFFFFF,
256,Emiliano Zapata con Antonio I. Villarreal,#42f581,#c6cc14,#f54242,#00FFFFFF,
257,Jimenez con Porfirio Diaz,#42f581,#c6cc14,#f54242,#00FFFFFF,
258,Corregidora con Reforma,#42f581,#c6cc14,#f54242,#00FFFFFF,
259,Rio Missouri con Rio Bravo,#42f581,#c6cc14,#f54242,#00FFFFFF,
260,Gomez Morin con Gral. Treviño,#42f581,#c6cc14,#f54242,#00FFFFFF,
261,Roberto Garza Sada con Rio Suchiate,#42f581,#c6cc14,#f54242,#00FFFFFF,
262,Humberto Lobo con Rio Guadalquivir,#42f581,#c6cc14,#f54242,#00FFFFFF,
263,Grafito con Oro,#42f581,#c6cc14,#f54242,#00FFFFFF,
264,Emiliano Zapata con Flores Magon,#42f581,#c6cc14,#f54242,#00FFFFFF,
265,Benito Juarez con Callejon De Los Ayala,#42f581,#c6cc14,#f54242,#00FFFFFF,
266,Cobalto con Oro,#42f581,#c6cc14,#f54242,#00FFFFFF,
267,Calzada Del Valle con Rio Caura,#42f581,#c6cc14,#f54242,#00FFFFFF,
268,Alfonso Reyes con Gruta,#42f581,#c6cc14,#f54242,#00FFFFFF,
269,L. Garza Ayala con J. M. Montemayor,#42f581,#c6cc14,#f54242,#00FFFFFF,
270,Porfirio Diaz con Manuel Gonzalez,#42f581,#c6cc14,#f54242,#00FFFFFF,
271,Porfirio Diaz con Guerrero,#42f581,#c6cc14,#f54242,#00FFFFFF,
272,Plutarco Elias Calles con Galeana,#42f581,#c6cc14,#f54242,#00FFFFFF,
273,Corregidora con Callejon De Los Ayala,#42f581,#c6cc14,#f54242,#00FFFFFF,
274,Cobalto con Potasio,#42f581,#c6cc14,#f54242,#00FFFFFF,
275,Morones Prieto con Maria Cantu,#42f581,#c6cc14,#f54242,#00FFFFFF,
276,Humberto Lobo con Rio Navia,#42f581,#c6cc14,#f54242,#00FFFFFF,
277,Rio Moctezuma con Rio Colorado,#42f581,#c6cc14,#f54242,#00FFFFFF,
278,Real San Agustin con Montes Altos,#42f581,#c6cc14,#f54242,#00FFFFFF,
279,Calzada San Pedro con Via Savotino,#42f581,#c6cc14,#f54242,#00FFFFFF,
280,Grafito con Potasio,#42f581,#c6cc14,#f54242,#00FFFFFF,
281,Corregidora con Callejon De Capellania,#42f581,#c6cc14,#f54242,#00FFFFFF,
282,Roberto Garza Sada con Perseverancia,#42f581,#c6cc14,#f54242,#00FFFFFF,
283,Eugenio Garza Laguera con Lomas Del Sol,#42f581,#c6cc14,#f54242,#00FFFFFF,
284,Montes Rocallosos con Sierra Nevada,#42f581,#c6cc14,#f54242,#00FFFFFF,
285,Guillermo Prieto con 16 De Sep.,#42f581,#c6cc14,#f54242,#00FFFFFF,
286,Gomez Morin con Priv. Magdalena,#42f581,#c6cc14,#f54242,#00FFFFFF,
287,Morones Prieto con Davila Reyes,#42f581,#c6cc14,#f54242,#00FFFFFF,
288,Genaro Garza Garcia con 2 De Abril,#42f581,#c6cc14,#f54242,#00FFFFFF,
289,Bosques Del Valle con Bosques De Austria,#42f581,#c6cc14,#f54242,#00FFFFFF,
290,Guillermo Prieto con 2 De Abril,#42f581,#c6cc14,#f54242,#00FFFFFF,
291,Hidalgo con 5 De Mayo,#42f581,#c6cc14,#f54242,#00FFFFFF,
292,Eugenio Garza Laguera con Pedro Ramirez Vazquez,#42f581,#c6cc14,#f54242,#00FFFFFF,
293,Porfirio Diaz con Treviño,#42f581,#c6cc14,#f54242,#00FFFFFF,
294,Santa Barbara con 5 De Mayo,#42f581,#c6cc14,#f54242,#00FFFFFF,
295,Rio Bravo con Rio Guadalquivir,#42f581,#c6cc14,#f54242,#00FFFFFF,
296,Roberto Garza Sada con Francisco Beltran,#42f581,#c6cc14,#f54242,#00FFFFFF,
297,Rio Suchiate con Via Angelica,#42f581,#c6cc14,#f54242,#00FFFFFF,
298,Gomez Morin con Sauces,#42f581,#c6cc14,#f54242,#00FFFFFF,
299,Rio Moctezuma con Rio Volga,#42f581,#c6cc14,#f54242,#00FFFFFF,
300,Gomez Morin con Monte Blanco,#42f581,#c6cc14,#f54242,#00FFFFFF,
301,Real San Agustin con Eugenio Garza Laguera,#42f581,#c6cc14,#f54242,#00FFFFFF,
302,Gomez Morin con Palmas,#42f581,#c6cc14,#f54242,#00FFFFFF,
303,Humberto Lobo con Manuel Santos,#42f581,#c6cc14,#f54242,#00FFFFFF,
304,Calzada Del Valle con Rio Guayalejo,#42f581,#c6cc14,#f54242,#00FFFFFF,
305,Rufino Tamayo con Frida Kahlo,#42f581,#c6cc14,#f54242,#00FFFFFF,
306,Gomez Morin con Rio San Lorenzo,#42f581,#c6cc14,#f54242,#00FFFFFF,
307,Alfonso Reyes con Monte Falco,#42f581,#c6cc14,#f54242,#00FFFFFF,
308,Lazaro Cardenas con Rio Tuxpan,#42f581,#c6cc14,#f54242,#00FFFFFF,
309,Gomez Morin con Via Collatina,#42f581,#c6cc14,#f54242,#00FFFFFF,
310,Alfonso Reyes con Hidalgo,#42f581,#c6cc14,#f54242,#00FFFFFF,
311,Alfonso Reyes con Treviño,#42f581,#c6cc14,#f54242,#00FFFFFF,
312,Alfonso Reyes con Benito Juarez,#42f581,#c6cc14,#f54242,#00FFFFFF,
313,Alfonso Reyes con Jardines Coloniales,#42f581,#c6cc14,#f54242,#00FFFFFF,
314,Jose Vasconcelos con Rio Eufrates,#42f581,#c6cc14,#f54242,#00FFFFFF,
315,Gomez Morin con Via Savotino,#42f581,#c6cc14,#f54242,#00FFFFFF,
316,Diaz Ordaz con 20 De Noviembre,#42f581,#c6cc14,#f54242,#00FFFFFF,
317,Calzada Del Valle con Rio De La Plata,#42f581,#c6cc14,#f54242,#00FFFFFF,
318,Gomez Morin con Rio Panuco,#42f581,#c6cc14,#f54242,#00FFFFFF,
319,Alfonso Reyes con Barranca,#42f581,#c6cc14,#f54242,#00FFFFFF,
320,Lazaro Cardenas con Corporativo,#42f581,#c6cc14,#f54242,#00FFFFFF,
321,Alfonso Reyes con Manuel Gonzalez,#42f581,#c6cc14,#f54242,#00FFFFFF,
322,Lazaro Cardenas con Rio Blanco,#42f581,#c6cc14,#f54242,#00FFFFFF,
323,Alfonso Reyes con Degollado,#42f581,#c6cc14,#f54242,#00FFFFFF,
324,Eugenio Garza Laguera con Lomas Del Campestre,#42f581,#c6cc14,#f54242,#00FFFFFF,
325,Rio Orinoco con Rio Grijalva,#42f581,#c6cc14,#f54242,#00FFFFFF,
326,Alfonso Reyes con Diego De Montemayor,#42f581,#c6cc14,#f54242,#00FFFFFF,
327,Gomez Morin con Priv Cristal,#42f581,#c6cc14,#f54242,#00FFFFFF,
328,Lazaro Cardenas con Callejon Del Caballo,#42f581,#c6cc14,#f54242,#00FFFFFF,
329,Lazaro Cardenas con Paseo Gabriela,#42f581,#c6cc14,#f54242,#00FFFFFF,
330,Alfonso Reyes con Ticoman,#42f581,#c6cc14,#f54242,#00FFFFFF,
331,Jose Vasconcelos con Rio Presas,#42f581,#c6cc14,#f54242,#00FFFFFF,
332,Gomez Morin con Rio Hudson,#42f581,#c6cc14,#f54242,#00FFFFFF,
333,Jose Vasconcelos con Diego De Montemayor,#42f581,#c6cc14,#f54242,#00FFFFFF,
334,Roberto Garza Sada con Bosques Del Valle,#42f581,#c6cc14,#f54242,#00FFFFFF,
335,Lazaro Cardenas con Rio Tonala,#42f581,#c6cc14,#f54242,#00FFFFFF,
336,Alfonso Reyes con Rio Suchiate,#42f581,#c6cc14,#f54242,#00FFFFFF,
337,Jose Vasconcelos con Hidalgo,#42f581,#c6cc14,#f54242,#00FFFFFF,
338,Alfonso Reyes con Guerrero,#42f581,#c6cc14,#f54242,#00FFFFFF,
339,Roberto Garza Sada con Rio Akumal,#42f581,#c6cc14,#f54242,#00FFFFFF,
340,Jose Vasconcelos con Montes Himalaya,#42f581,#c6cc14,#f54242,#00FFFFFF,
341,Corregidora con Independencia,#42f581,#c6cc14,#f54242,#00FFFFFF,
342,Calzada San Pedro con Rio Sena,#42f581,#c6cc14,#f54242,#00FFFFFF,
343,Rufino Tamayo con Maria Izquierdo,#42f581,#c6cc14,#f54242,#00FFFFFF,
344,Alfonso Reyes con Sierra Azul,#42f581,#c6cc14,#f54242,#00FFFFFF,
345,Rio Grijalva con Rio Amazonas,#42f581,#c6cc14,#f54242,#00FFFFFF,
346,Alfonso Reyes con Altamirano,#42f581,#c6cc14,#f54242,#00FFFFFF,
347,Corregidora con Niños Heroes,#42f581,#c6cc14,#f54242,#00FFFFFF,
348,Alfonso Reyes con Manuel Doblado,#42f581,#c6cc14,#f54242,#00FFFFFF,
349,Real San Agustin con Alejandria,#42f581,#c6cc14,#f54242,#00FFFFFF,
350,Gomez Morin con Maria De Los Angeles,#42f581,#c6cc14,#f54242,#00FFFFFF,
351,Humberto Lobo con Rio Volga,#42f581,#c6cc14,#f54242,#00FFFFFF,
352,Jose Vasconcelos con Paso De La Sierra,#42f581,#c6cc14,#f54242,#00FFFFFF,
353,Jose Vasconcelos con Priv. Jose Vasconcelos,#42f581,#c6cc14,#f54242,#00FFFFFF,
354,Alfonso Reyes con Juan I. Ramon,#42f581,#c6cc14,#f54242,#00FFFFFF,
355,Gomez Morin con Rio Parana,#42f581,#c6cc14,#f54242,#00FFFFFF,
356,Calzada San Pedro con Rio Guadalquivir,#42f581,#c6cc14,#f54242,#00FFFFFF,
357,Alfonso Reyes con A. Lopez Mateos,#42f581,#c6cc14,#f54242,#00FFFFFF,
358,Humberto Lobo con Rio Rhin,#42f581,#c6cc14,#f54242,#00FFFFFF,
359,Benito Juarez con Independencia,#42f581,#c6cc14,#f54242,#00FFFFFF,
360,Benito Juarez con Porfirio Diaz,#42f581,#c6cc14,#f54242,#00FFFFFF,
361,Alfonso Reyes con Los Aldama,#42f581,#c6cc14,#f54242,#00FFFFFF,
362,Rio Mississippi con Rio Moctezuma,#42f581,#c6cc14,#f54242,#00FFFFFF,
363,Alfonso Reyes con Morelos,#42f581,#c6cc14,#f54242,#00FFFFFF,
364,Alfonso Reyes con Gral Naranjo,#42f581,#c6cc14,#f54242,#00FFFFFF,
365,Ricardo Margain con Los Alamos,#42f581,#c6cc14,#f54242,#00FFFFFF,
366,Jose Vasconcelos con Privada Labastida,#42f581,#c6cc14,#f54242,#00FFFFFF,
367,Grafito con Cromo,#42f581,#c6cc14,#f54242,#00FFFFFF,
368,Rio Rosas con Rio San Lorenzo,#42f581,#c6cc14,#f54242,#00FFFFFF,
369,Ricardo Margain con Fresnos,#42f581,#c6cc14,#f54242,#00FFFFFF,
370,Rio Grijalva con Rio De La Plata,#42f581,#c6cc14,#f54242,#00FFFFFF,
371,Jose Vasconcelos con La Alianza,#42f581,#c6cc14,#f54242,#00FFFFFF,
372,Batallon De San Patricio con Lampazos,#42f581,#c6cc14,#f54242,#00FFFFFF,
373,Manuel J. Clouthier con Fierro,#42f581,#c6cc14,#f54242,#00FFFFFF,
374,Humberto Lobo con Rio Caura,#42f581,#c6cc14,#f54242,#00FFFFFF,
375,Humberto Lobo con Rio Nilo,#42f581,#c6cc14,#f54242,#00FFFFFF,
376,Ricardo Margain con Palmas,#42f581,#c6cc14,#f54242,#00FFFFFF,
377,Lomas Del Valle con 16 De Sep.,#42f581,#c6cc14,#f54242,#00FFFFFF,
378,Jose Vasconcelos con Rio Rodano,#42f581,#c6cc14,#f54242,#00FFFFFF,
379,Manuel J. Clouthier con Antonio I. Villarreal,#42f581,#c6cc14,#f54242,#00FFFFFF,
380,Rio Moctezuma con Rio Vistula,#42f581,#c6cc14,#f54242,#00FFFFFF,
381,Roberto Garza Sada con Mont Matre,#42f581,#c6cc14,#f54242,#00FFFFFF,
382,Alfonso Reyes con Convento,#42f581,#c6cc14,#f54242,#00FFFFFF,
383,Alfonso Reyes con Zaragoza,#42f581,#c6cc14,#f54242,#00FFFFFF,
384,Manuel J. Clouthier con Emiliano Zapata,#42f581,#c6cc14,#f54242,#00FFFFFF,
385,Callejon De Los Ayala con Centaya,#42f581,#c6cc14,#f54242,#00FFFFFF,
386,Alfonso Reyes con Cañada,#42f581,#c6cc14,#f54242,#00FFFFFF,
387,Eugenio Garza Laguera con Pedro Coronel,#42f581,#c6cc14,#f54242,#00FFFFFF,
388,Alfonso Reyes con Bosques De Tahiti,#42f581,#c6cc14,#f54242,#00FFFFFF,
389,Morones Prieto con Articulo 27,#42f581,#c6cc14,#f54242,#00FFFFFF,
390,Alfonso Reyes con El Caido,#42f581,#c6cc14,#f54242,#00FFFFFF,
391,Gomez Morin con Ant. Carr. A Chipinque,#42f581,#c6cc14,#f54242,#00FFFFFF,
392,Jeronimo Siller con Sierra Mojada,#42f581,#c6cc14,#f54242,#00FFFFFF,
393,Corregidora con Porfirio Diaz,#42f581,#c6cc14,#f54242,#00FFFFFF,
394,Eugenio Garza Laguera con Las Privanzas,#42f581,#c6cc14,#f54242,#00FFFFFF,
395,Enrique Garcia Leal con Antonio I. Villarreal,#42f581,#c6cc14,#f54242,#00FFFFFF,
396,Grafito con Aluminio,#42f581,#c6cc14,#f54242,#00FFFFFF,
397,Alfonso Reyes con Cuauhtemoc,#42f581,#c6cc14,#f54242,#00FFFFFF,
398,Gomez Morin con Rio Orinoco,#42f581,#c6cc14,#f54242,#00FFFFFF,
399,Alfonso Reyes con Jose Calderon,#42f581,#c6cc14,#f54242,#00FFFFFF,
400,Ricardo Margain con Los Nogales,#42f581,#c6cc14,#f54242,#00FFFFFF,
401,Real San Agustin con La Hacienda,#42f581,#c6cc14,#f54242,#00FFFFFF,
402,Gomez Morin con Rio Colorado,#42f581,#c6cc14,#f54242,#00FFFFFF,
403,Humberto Lobo con Rio Amazonas,#42f581,#c6cc14,#f54242,#00FFFFFF,
404,Rio Tamazunchale con Rio Amazonas,#42f581,#c6cc14,#f54242,#00FFFFFF,
405,Roberto Garza Sada con Baptisterio,#42f581,#c6cc14,#f54242,#00FFFFFF,
406,Las Torres con Division Del Norte,#42f581,#c6cc14,#f54242,#00FFFFFF,
407,Via Savotino con Via Servio Tulio,#42f581,#c6cc14,#f54242,#00FFFFFF,
408,Rio Mississippi con Rio Potosi,#42f581,#c6cc14,#f54242,#00FFFFFF,
409,Jose Vasconcelos con Ebanos,#42f581,#c6cc14,#f54242,#00FFFFFF,
410,Alfonso Reyes con Sierra Nevada,#42f581,#c6cc14,#f54242,#00FFFFFF,
411,Rio Rosas con Rio Colorado,#42f581,#c6cc14,#f54242,#00FFFFFF,
412,Roberto Garza Sada con Bosques De Irlanda,#42f581,#c6cc14,#f54242,#00FFFFFF,
413,Las Torres con Plata,#42f581,#c6cc14,#f54242,#00FFFFFF,
414,Fuentes Del Valle con Via Settembre,#42f581,#c6cc14,#f54242,#00FFFFFF,
415,Jimenez con 2 De Abril,#42f581,#c6cc14,#f54242,#00FFFFFF,
416,Rio Tamesis con Rio Volga,#42f581,#c6cc14,#f54242,#00FFFFFF,
417,Jose Vasconcelos con Priv. Los Angeles,#42f581,#c6cc14,#f54242,#00FFFFFF,
418,Alfonso Reyes con Plutarco Elias Calles,#42f581,#c6cc14,#f54242,#00FFFFFF,
419,Roberto Garza Sada con San Angel,#42f581,#c6cc14,#f54242,#00FFFFFF,
420,Jose Vasconcelos con La Sierra,#42f581,#c6cc14,#f54242,#00FFFFFF,
421,Rio Tamazunchale con Rio De La Plata,#42f581,#c6cc14,#f54242,#00FFFFFF,
422,L. Garza Ayala con Plutarco Elias Calles,#42f581,#c6cc14,#f54242,#00FFFFFF,
423,Alfonso Reyes con Los Rayones,#42f581,#c6cc14,#f54242,#00FFFFFF,
424,Humberto Junco con Cristobal Colon,#42f581,#c6cc14,#f54242,#00FFFFFF,
425,Benito Juarez con Callejon De Los Arizpe,#42f581,#c6cc14,#f54242,#00FFFFFF,
426,Las Torres con Zinc,#42f581,#c6cc14,#f54242,#00FFFFFF,
427,Manuel J. Clouthier con Adan Hernandez,#42f581,#c6cc14,#f54242,#00FFFFFF,
428,Jose Vasconcelos con Bosques De Siberia,#42f581,#c6cc14,#f54242,#00FFFFFF,
429,Rio Rosas con Rio De La Plata,#42f581,#c6cc14,#f54242,#00FFFFFF,
430,Manuel J. Clouthier con Platino,#42f581,#c6cc14,#f54242,#00FFFFFF,
431,Roberto Garza Sada con Camilo Flammarion,#42f581,#c6cc14,#f54242,#00FFFFFF,
432,Gomez Morin con Priv. Savotino,#42f581,#c6cc14,#f54242,#00FFFFFF,
433,Rio Moctezuma con Rio Guadalquivir,#42f581,#c6cc14,#f54242,#00FFFFFF,
434,Jeronimo Siller con Monserrat,#42f581,#c6cc14,#f54242,#00FFFFFF,
435,Rio Moctezuma con Rio De La Plata,#42f581,#c6cc14,#f54242,#00FFFFFF,
436,Rio Moctezuma con Rio Amazonas,#42f581,#c6cc14,#f54242,#00FFFFFF,
437,Jose Vasconcelos con Rio Pilon,#42f581,#c6cc14,#f54242,#00FFFFFF,
438,Benito Juarez con Priv. Juarez,#42f581,#c6cc14,#f54242,#00FFFFFF,
439,Alfonso Reyes con Moralillo,#42f581,#c6cc14,#f54242,#00FFFFFF,
440,Lazaro Cardenas con Alto Claro,#42f581,#c6cc14,#f54242,#00FFFFFF,
441,Real San Agustin con Mar Adriatico,#42f581,#c6cc14,#f54242,#00FFFFFF,
442,Rio Rosas con Rio Panuco,#42f581,#c6cc14,#f54242,#00FFFFFF,
443,Rio Suchiate con Rio Guadalquivir,#42f581,#c6cc14,#f54242,#00FFFFFF,
444,Humberto Lobo con Rio Missouri,#42f581,#c6cc14,#f54242,#00FFFFFF,
445,Fuentes Del Valle con Via Valeria,#42f581,#c6cc14,#f54242,#00FFFFFF,
446,Roberto Garza Sada con Mirador De La Sierra,#42f581,#c6cc14,#f54242,#00FFFFFF,
447,Alfonso Reyes con Bosque,#42f581,#c6cc14,#f54242,#00FFFFFF,
448,Alfonso Reyes con Ladera,#42f581,#c6cc14,#f54242,#00FFFFFF,
449,Jose Vasconcelos con Priv. Tamazunchale,#42f581,#c6cc14,#f54242,#00FFFFFF,
450,L. Garza Ayala con Treviño,#42f581,#c6cc14,#f54242,#00FFFFFF,
451,Plutarco Elias Calles con Diego Saldivar,#42f581,#c6cc14,#f54242,#00FFFFFF,
452,Santa Barbara con Puebla,#42f581,#c6cc14,#f54242,#00FFFFFF,
453,Jose Vasconcelos con Cerro De La Luz,#42f581,#c6cc14,#f54242,#00FFFFFF,
454,Porfirio Diaz con Zaragoza,#42f581,#c6cc14,#f54242,#00FFFFFF,
455,Jimenez con Reforma,#42f581,#c6cc14,#f54242,#00FFFFFF,
456,Gomez Morin con Cristal,#42f581,#c6cc14,#f54242,#00FFFFFF,
457,Jose Vasconcelos con Montes Apalaches,#42f581,#c6cc14,#f54242,#00FFFFFF,
458,Calzada Del Rosario con La Gloria,#42f581,#c6cc14,#f54242,#00FFFFFF,
459,Jose Vasconcelos con Rio Vistula,#42f581,#c6cc14,#f54242,#00FFFFFF,
460,Eugenio Garza Laguera con San Patricio,#42f581,#c6cc14,#f54242,#00FFFFFF,
461,Plutarco Elias Calles con 16 De Sep.,#42f581,#c6cc14,#f54242,#00FFFFFF,
462,Emiliano Zapata con Fco. I. Madero,#42f581,#c6cc14,#f54242,#00FFFFFF,
463,Alfonso Reyes con Bosques De Pirineos,#42f581,#c6cc14,#f54242,#00FFFFFF,
464,Rio Missouri con Rio Rosas,#42f581,#c6cc14,#f54242,#00FFFFFF,
465,Enrique Garcia Leal con Las Torres,#42f581,#c6cc14,#f54242,#00FFFFFF,
466,Alfonso Reyes con Camilo Flammarion,#42f581,#c6cc14,#f54242,#00FFFFFF,
467,Emiliano Zapata con Felipe Angeles,#42f581,#c6cc14,#f54242,#00FFFFFF,
468,Lomas Del Valle con Galeana,#42f581,#c6cc14,#f54242,#00FFFFFF,
469,Manuel J. Clouthier con Landon,#42f581,#c6cc14,#f54242,#00FFFFFF,
470,Real San Agustin con Monte Blanco,#42f581,#c6cc14,#f54242,#00FFFFFF,
471,Rio Bravo con Rio Sena,#42f581,#c6cc14,#f54242,#00FFFFFF,
472,Rio Rosas con Rio Manzanares,#42f581,#c6cc14,#f54242,#00FFFFFF,
473,Calzada San Pedro con Via Latina,#42f581,#c6cc14,#f54242,#00FFFFFF,
474,Alfonso Reyes con Volcan,#42f581,#c6cc14,#f54242,#00FFFFFF,
475,Jeronimo Siller con Maria De Los Angeles,#42f581,#c6cc14,#f54242,#00FFFFFF,
476,Benito Juarez con 16 De Sep.,#42f581,#c6cc14,#f54242,#00FFFFFF,
477,Jimenez con Paras,#42f581,#c6cc14,#f54242,#00FFFFFF,
478,Alfonso Reyes con Cordillera,#42f581,#c6cc14,#f54242,#00FFFFFF,
479,Alfonso Reyes con Gral. Treviño,#42f581,#c6cc14,#f54242,#00FFFFFF,
480,Rio De La Plata con Rio Jordan,#42f581,#c6cc14,#f54242,#00FFFFFF,
481,Santa Barbara con Emilio Carranza,#42f581,#c6cc14,#f54242,#00FFFFFF,
482,Calzada San Pedro con Via Sacra,#42f581,#c6cc14,#f54242,#00FFFFFF,
483,Jimenez con Los Pinos,#42f581,#c6cc14,#f54242,#00FFFFFF,
484,Callejon De Capellania con Rio Jordan,#42f581,#c6cc14,#f54242,#00FFFFFF,
485,Fuentes Del Valle con Via Corso Pte.,#42f581,#c6cc14,#f54242,#00FFFFFF,
486,Rio Tamesis con Rio Sena,#42f581,#c6cc14,#f54242,#00FFFFFF,
487,Roberto Garza Sada con Sierra Verde,#42f581,#c6cc14,#f54242,#00FFFFFF,
488,Benito Juarez con Privada Fco I Madero,#42f581,#c6cc14,#f54242,#00FFFFFF,
489,Roberto Garza Sada con Barranca,#42f581,#c6cc14,#f54242,#00FFFFFF,
490,Jose Vasconcelos con Abasolo,#42f581,#c6cc14,#f54242,#00FFFFFF,
491,Jose Vasconcelos con Monte Everest,#42f581,#c6cc14,#f54242,#00FFFFFF,
492,Rio Orinoco con Rio Rosas,#42f581,#c6cc14,#f54242,#00FFFFFF,
493,Real San Agustin con Mar Mediterraneo,#42f581,#c6cc14,#f54242,#00FFFFFF,
494,Rio Tamazunchale con Rio Colorado,#42f581,#c6cc14,#f54242,#00FFFFFF,
495,Roberto Garza Sada con Sierra Bella,#42f581,#c6cc14,#f54242,#00FFFFFF,
496,Guillermo Prieto con Galeana,#42f581,#c6cc14,#f54242,#00FFFFFF,
497,Jose Vasconcelos con Calzada Del Valle,#42f581,#c6cc14,#f54242,#00FFFFFF,
498,L. Garza Ayala con Gral Naranjo,#42f581,#c6cc14,#f54242,#00FFFFFF,
499,Calzada Del Rosario con Ana Cristina,#42f581,#c6cc14,#f54242,#00FFFFFF,
500,Las Torres con Carbono,#42f581,#c6cc14,#f54242,#00FFFFFF,
501,Rio Tigris con Rio Ganges,#42f581,#c6cc14,#f54242,#00FFFFFF,
502,Roberto Garza Sada con Ing. Arturo Gonzalez,#42f581,#c6cc14,#f54242,#00FFFFFF,
503,Benito Juarez con Emilio Carranza,#42f581,#c6cc14,#f54242,#00FFFFFF,
504,Calzada San Pedro con Priv. San Pedro,#42f581,#c6cc14,#f54242,#00FFFFFF,
505,Humberto Lobo con Rio Potomac,#42f581,#c6cc14,#f54242,#00FFFFFF,
506,Alfonso Reyes con Bosques De Viena,#42f581,#c6cc14,#f54242,#00FFFFFF,
507,Via Savotino con Via Settembre,#42f581,#c6cc14,#f54242,#00FFFFFF,
508,Emiliano Zapata con A. B. De La Garza,#42f581,#c6cc14,#f54242,#00FFFFFF,
509,Los Soles con Casolar,#42f581,#c6cc14,#f54242,#00FFFFFF,
510,Alfonso Reyes con Meseta,#42f581,#c6cc14,#f54242,#00FFFFFF,
511,Jimenez con 16 De Sep.,#42f581,#c6cc14,#f54242,#00FFFFFF,
512,L. Garza Ayala con Guillermo Prieto,#42f581,#c6cc14,#f54242,#00FFFFFF,
513,Rio Moctezuma con Rio Hudson,#42f581,#c6cc14,#f54242,#00FFFFFF,
514,Calzada San Pedro con Via Augusta,#42f581,#c6cc14,#f54242,#00FFFFFF,
515,Gomez Morin con Aristoteles,#42f581,#c6cc14,#f54242,#00FFFFFF,
516,Jeronimo Siller con Alvaro Obregon,#42f581,#c6cc14,#f54242,#00FFFFFF,
517,Santa Barbara con L. Garza Ayala,#42f581,#c6cc14,#f54242,#00FFFFFF,
518,Cobalto con Cromo,#42f581,#c6cc14,#f54242,#00FFFFFF,
519,Guillermo Prieto con Emilio Carranza,#42f581,#c6cc14,#f54242,#00FFFFFF,
520,Rio Rosas con Rio Amazonas,#42f581,#c6cc14,#f54242,#00FFFFFF,
521,Rio Rosas con Rio Danubio,#42f581,#c6cc14,#f54242,#00FFFFFF,
522,Santa Barbara con 2 De Abril,#42f581,#c6cc14,#f54242,#00FFFFFF,
523,Cobalto con Uranio,#42f581,#c6cc14,#f54242,#00FFFFFF,
524,Rio Tamuin con Rio Necaxa,#42f581,#c6cc14,#f54242,#00FFFFFF,
525,Rio Moctezuma con Rio San Lorenzo,#42f581,#c6cc14,#f54242,#00FFFFFF,
526,Calzada Del Valle con Rio San Juan,#42f581,#c6cc14,#f54242,#00FFFFFF,
527,Rio Tamazunchale con Rio Guadalquivir,#42f581,#c6cc14,#f54242,#00FFFFFF,
528,Rio Suchiate con Sierra Nevada,#42f581,#c6cc14,#f54242,#00FFFFFF,
529,Genaro Garza Garcia con 5 De Mayo,#42f581,#c6cc14,#f54242,#00FFFFFF,
530,Lomas Del Valle con Moralillo,#42f581,#c6cc14,#f54242,#00FFFFFF,
531,Porfirio Diaz con Los Aldama,#42f581,#c6cc14,#f54242,#00FFFFFF,
532,Fuentes Del Valle con Via Corso Ote.,#42f581,#c6cc14,#f54242,#00FFFFFF,
533,Rio Suchiate con Rio Pilon,#42f581,#c6cc14,#f54242,#00FFFFFF,
534,Fuentes Del Valle con Via Servio Tulio,#42f581,#c6cc14,#f54242,#00FFFFFF,
535,Rufino Tamayo con Jose Clemente Orozco,#42f581,#c6cc14,#f54242,#00FFFFFF,
536,Via Savotino con Via Corso Ote.,#42f581,#c6cc14,#f54242,#00FFFFFF,
537,Jose Vasconcelos con Privada Carranza,#42f581,#c6cc14,#f54242,#00FFFFFF,
538,Real San Agustin con Monte Everest,#42f581,#c6cc14,#f54242,#00FFFFFF,
539,Rio Suchiate con 16 De Sep.,#42f581,#c6cc14,#f54242,#00FFFFFF,
540,Humberto Junco con Jose Maria Escriva,#42f581,#c6cc14,#f54242,#00FFFFFF,
541,Jimenez con Emilio Carranza,#42f581,#c6cc14,#f54242,#00FFFFFF,
542,L. Garza Ayala con Manuel Gonzalez,#42f581,#c6cc14,#f54242,#00FFFFFF,
543,Alfonso Reyes con Priv. Escobedo,#42f581,#c6cc14,#f54242,#00FFFFFF,
544,Emiliano Zapata con Lucio Blanco,#42f581,#c6cc14,#f54242,#00FFFFFF,
545,Jose Vasconcelos con Padre Mier,#42f581,#c6cc14,#f54242,#00FFFFFF,
546,Rio Mississippi con Rio La Silla,#42f581,#c6cc14,#f54242,#00FFFFFF,
547,Cobalto con Aluminio,#42f581,#c6cc14,#f54242,#00FFFFFF,
548,Porfirio Diaz con Allende,#42f581,#c6cc14,#f54242,#00FFFFFF,
549,Rio Mississippi con Rio Suchiate,#42f581,#c6cc14,#f54242,#00FFFFFF,
550,L. Garza Ayala con 20 De Noviembre,#42f581,#c6cc14,#f54242,#00FFFFFF,
551,Via Savotino con Via Corso Pte.,#42f581,#c6cc14,#f54242,#00FFFFFF,
552,Hidalgo con Puebla,#42f581,#c6cc14,#f54242,#00FFFFFF,
553,Hidalgo con Reforma,#42f581,#c6cc14,#f54242,#00FFFFFF,
554,Rio Suchiate con Rio Elba,#42f581,#c6cc14,#f54242,#00FFFFFF,
555,Fuentes Del Valle con Monte Aventino,#42f581,#c6cc14,#f54242,#00FFFFFF,
556,Rio Mississippi con Rio Guayalejo,#42f581,#c6cc14,#f54242,#00FFFFFF,
557,Roberto Garza Sada con Bosque Negro,#42f581,#c6cc14,#f54242,#00FFFFFF,
558,Callejon De Capellania con San Patricio,#42f581,#c6cc14,#f54242,#00FFFFFF,
559,Corregidora con Paseo Del Seminario,#42f581,#c6cc14,#f54242,#00FFFFFF,
560,Manuel J. Clouthier con A. Ruiz Cortinez,#42f581,#c6cc14,#f54242,#00FFFFFF,
561,Benito Juarez con 2 De Abril,#42f581,#c6cc14,#f54242,#00FFFFFF,
562,Lazaro Cardenas con Paseo Belinda,#42f581,#c6cc14,#f54242,#00FFFFFF,
563,Manuel J. Clouthier con Felix I,#42f581,#c6cc14,#f54242,#00FFFFFF,
564,Plutarco Elias Calles con Cuauhtemoc,#42f581,#c6cc14,#f54242,#00FFFFFF,
565,Rio Moctezuma con Rio Manzanares,#42f581,#c6cc14,#f54242,#00FFFFFF,
566,Hidalgo con Libertad,#42f581,#c6cc14,#f54242,#00FFFFFF,
567,Rio De La Plata con Rio Balsas,#42f581,#c6cc14,#f54242,#00FFFFFF,
568,Humberto Junco con Casolar,#42f581,#c6cc14,#f54242,#00FFFFFF,
569,Alfonso Reyes con Sierra Linda,#42f581,#c6cc14,#f54242,#00FFFFFF,
570,Roberto Garza Sada con Mirador De Coatzacoalco,#42f581,#c6cc14,#f54242,#00FFFFFF,
571,Corregidora con Emilio Carranza,#42f581,#c6cc14,#f54242,#00FFFFFF,
572,Humberto Lobo con Callejon De Capellania,#42f581,#c6cc14,#f54242,#00FFFFFF,
573,Real San Agustin con Santa Cruz,#42f581,#c6cc14,#f54242,#00FFFFFF,
574,Manuel J. Clouthier con Flores Magon,#42f581,#c6cc14,#f54242,#00FFFFFF,
575,Jose Vasconcelos con Priv. Franco,#42f581,#c6cc14,#f54242,#00FFFFFF,
576,Real San Agustin con Encino,#42f581,#c6cc14,#f54242,#00FFFFFF,
577,Rio Grijalva con Rio Volga,#42f581,#c6cc14,#f54242,#00FFFFFF,
578,Fuentes Del Valle con Via Ostiensis,#42f581,#c6cc14,#f54242,#00FFFFFF,
579,Grafito con Uranio,#42f581,#c6cc14,#f54242,#00FFFFFF,
580,Porfirio Diaz con Matamoros,#42f581,#c6cc14,#f54242,#00FFFFFF,
581,Rio Tamesis con Rio Guadalquivir,#42f581,#c6cc14,#f54242,#00FFFFFF,
582,Rio Tamesis con Rio Nilo,#42f581,#c6cc14,#f54242,#00FFFFFF,
583,Bosques Del Valle con Bosques Del Istmo,#42f581,#c6cc14,#f54242,#00FFFFFF,
584,Fuentes Del Valle con Via Popilia,#42f581,#c6cc14,#f54242,#00FFFFFF,
585,Humberto Lobo con Rio Yukon,#42f581,#c6cc14,#f54242,#00FFFFFF,
586,Roberto Garza Sada con Bosques De Noruega,#42f581,#c6cc14,#f54242,#00FFFFFF,
587,Calzada Del Valle con Priv. Calzada Del Valle,#42f581,#c6cc14,#f54242,#00FFFFFF,
588,Rio Tamazunchale con Rio Missouri,#42f581,#c6cc14,#f54242,#00FFFFFF,
589,Rio Moctezuma con Rio Panuco,#42f581,#c6cc14,#f54242,#00FFFFFF,
590,Las Torres con Cromo,#42f581,#c6cc14,#f54242,#00FFFFFF,
591,Porfirio Diaz con Morelos,#42f581,#c6cc14,#f54242,#00FFFFFF,
592,Rio Mississippi con Rio Salinas,#42f581,#c6cc14,#f54242,#00FFFFFF,
593,Bosques Del Valle con Bosques De Pirineos,#42f581,#c6cc14,#f54242,#00FFFFFF,
594,Corregidora con 2 De Abril,#42f581,#c6cc14,#f54242,#00FFFFFF,
595,Rio Bravo con Rio De La Plata,#42f581,#c6cc14,#f54242,#00FFFFFF,
596,Morones Prieto con Callejon De Capellania,#42f581,#c6cc14,#f54242,#00FFFFFF,
597,L. Garza Ayala con Genaro Garza Garcia,#42f581,#c6cc14,#f54242,#00FFFFFF,
598,L. Garza Ayala con Juan I. Ramon,#42f581,#c6cc14,#f54242,#00FFFFFF,
599,Rio Moctezuma con Rio Missouri,#42f581,#c6cc14,#f54242,#00FFFFFF,
600,Alfonso Reyes con Santa Martha,#42f581,#c6cc14,#f54242,#00FFFFFF,
601,Calzada Del Rosario con Gertrudis,#42f581,#c6cc14,#f54242,#00FFFFFF,
602,Fuentes Del Valle con Via Aemilia,#42f581,#c6cc14,#f54242,#00FFFFFF,
603,L. Garza Ayala con Simon De La Garza Melo,#42f581,#c6cc14,#f54242,#00FFFFFF,
604,Via Savotino con Via Galvani,#42f581,#c6cc14,#f54242,#00FFFFFF,
605,Gomez Morin con Socrates,#42f581,#c6cc14,#f54242,#00FFFFFF,
606,Callejon De Capellania con Hortelanos,#42f581,#c6cc14,#f54242,#00FFFFFF,
607,Rio De La Plata con Rio Mosela,#42f581,#c6cc14,#f54242,#00FFFFFF,
608,Santa Barbara con Galeana,#42f581,#c6cc14,#f54242,#00FFFFFF,
609,Jimenez con Puebla,#42f581,#c6cc14,#f54242,#00FFFFFF,
610,Rio Grijalva con Rio Sena,#42f581,#c6cc14,#f54242,#00FFFFFF,
611,Rio Tamesis con Rio Caura,#42f581,#c6cc14,#f54242,#00FFFFFF,
612,Hidalgo con Priv. Corregidora,#42f581,#c6cc14,#f54242,#00FFFFFF,
613,Rio Missouri con Rio Grijalva,#42f581,#c6cc14,#f54242,#00FFFFFF,
614,L. Garza Ayala con Manuel Doblado,#42f581,#c6cc14,#f54242,#00FFFFFF,
615,Real San Agustin con Priv. San Roberto,#42f581,#c6cc14,#f54242,#00FFFFFF,
616,Gomez Morin con Aranjuez,#42f581,#c6cc14,#f54242,#00FFFFFF,
617,Rio Suchiate con Rio Danubio,#42f581,#c6cc14,#f54242,#00FFFFFF,
618,Alfonso Reyes con Roberto Garza Sada,#42f581,#c6cc14,#f54242,#00FFFFFF,
619,Callejon De Capellania con Rio Mosela,#42f581,#c6cc14,#f54242,#00FFFFFF,
620,Ricardo Margain con Rio Amacuzac,#42f581,#c6cc14,#f54242,#00FFFFFF,
621,Grafito con Platino,#42f581,#c6cc14,#f54242,#00FFFFFF,
622,Manuel J. Clouthier con Zinc,#42f581,#c6cc14,#f54242,#00FFFFFF,
623,Lomas Del Valle con Corona,#42f581,#c6cc14,#f54242,#00FFFFFF,
624,Jeronimo Siller con Gral. Treviño,#42f581,#c6cc14,#f54242,#00FFFFFF,
625,Rio Missouri con Rio Balsas,#42f581,#c6cc14,#f54242,#00FFFFFF,
626,Zinc con Mercurio,#42f581,#c6cc14,#f54242,#00FFFFFF,
627,Rio Tamuin con Rio Pantepec,#42f581,#c6cc14,#f54242,#00FFFFFF,
628,Emiliano Zapata con P. Gonzalez Garza,#42f581,#c6cc14,#f54242,#00FFFFFF,
629,Rio Mississippi con Rio Bravo,#42f581,#c6cc14,#f54242,#00FFFFFF,
630,Rio Rosas con Rio Volga,#42f581,#c6cc14,#f54242,#00FFFFFF,
631,Gomez Morin con Priv. Rio Amazonas,#42f581,#c6cc14,#f54242,#00FFFFFF,
632,Cobalto con Cobre,#42f581,#c6cc14,#f54242,#00FFFFFF,
633,Cobalto con Sodio,#42f581,#c6cc14,#f54242,#00FFFFFF,
634,Gomez Morin con Lidio A. Torres,#42f581,#c6cc14,#f54242,#00FFFFFF,
635,Humberto Junco con Paseo Olga,#42f581,#c6cc14,#f54242,#00FFFFFF,
636,Jose Vasconcelos con Privada Viena,#42f581,#c6cc14,#f54242,#00FFFFFF,
637,Lomas Del Valle con Tuxtepec,#42f581,#c6cc14,#f54242,#00FFFFFF,
638,Rio Tamuin con Rio Amacuzac,#42f581,#c6cc14,#f54242,#00FFFFFF,
639,Callejon De Los Ayala con Zaragoza,#42f581,#c6cc14,#f54242,#00FFFFFF,
640,L. Garza Ayala con Allende,#42f581,#c6cc14,#f54242,#00FFFFFF,
641,Los Soles con Corporativo,#42f581,#c6cc14,#f54242,#00FFFFFF,
642,Rio Suchiate con Via Augusta,#42f581,#c6cc14,#f54242,#00FFFFFF,
643,L. Garza Ayala con Hidalgo,#42f581,#c6cc14,#f54242,#00FFFFFF,
644,Rio Bravo con Rio Rhin,#42f581,#c6cc14,#f54242,#00FFFFFF,
645,Rio Tigris con Rio Tiber,#42f581,#c6cc14,#f54242,#00FFFFFF,
646,Rio Grijalva con Rio Guadalquivir,#42f581,#c6cc14,#f54242,#00FFFFFF,
647,Rio Bravo con Rio Volga,#42f581,#c6cc14,#f54242,#00FFFFFF,
648,Rio Tamesis con Rio Amazonas,#42f581,#c6cc14,#f54242,#00FFFFFF,
649,Callejon De Los Ayala con Mimbre,#42f581,#c6cc14,#f54242,#00FFFFFF,
650,Porfirio Diaz con Juan I. Ramon,#42f581,#c6cc14,#f54242,#00FFFFFF,
651,Rio Suchiate con Rio Tajo,#42f581,#c6cc14,#f54242,#00FFFFFF,
652,Jose Vasconcelos con Cedros,#42f581,#c6cc14,#f54242,#00FFFFFF,
653,Benito Juarez con Galeana,#42f581,#c6cc14,#f54242,#00FFFFFF,
654,Roberto Garza Sada con Bosques Del Encino,#42f581,#c6cc14,#f54242,#00FFFFFF,
655,Manuel J. Clouthier con Uranio,#42f581,#c6cc14,#f54242,#00FFFFFF,
656,Rio Orinoco con Rio Bravo,#42f581,#c6cc14,#f54242,#00FFFFFF,
657,Rio Tamazunchale con Rio Panuco,#42f581,#c6cc14,#f54242,#00FFFFFF,
658,Alfonso Reyes con Doblado,#42f581,#c6cc14,#f54242,#00FFFFFF,
659,L. Garza Ayala con Abasolo,#42f581,#c6cc14,#f54242,#00FFFFFF,
660,Jeronimo Siller con Sierra Del Carmen,#42f581,#c6cc14,#f54242,#00FFFFFF,
661,Morones Prieto con Primera De Monte Palatino,#42f581,#c6cc14,#f54242,#00FFFFFF,
662,Rio Tamesis con Rio Danubio,#42f581,#c6cc14,#f54242,#00FFFFFF,
663,Rio Tamuin con Rio Nazas,#42f581,#c6cc14,#f54242,#00FFFFFF,
664,Roberto Garza Sada con Onix,#42f581,#c6cc14,#f54242,#00FFFFFF,
665,Benito Juarez con 5 De Mayo,#42f581,#c6cc14,#f54242,#00FFFFFF,
666,Cobalto con Carbono,#42f581,#c6cc14,#f54242,#00FFFFFF,
667,L. Garza Ayala con Morelos,#42f581,#c6cc14,#f54242,#00FFFFFF,
668,Rio Suchiate con Galeana,#42f581,#c6cc14,#f54242,#00FFFFFF,
669,Emiliano Zapata con Division Del Norte,#42f581,#c6cc14,#f54242,#00FFFFFF,
670,Enrique Garcia Leal con Oro,#42f581,#c6cc14,#f54242,#00FFFFFF,
671,Gomez Morin con De La Paz,#42f581,#c6cc14,#f54242,#00FFFFFF,
672,Guillermo Prieto con 5 De Mayo,#42f581,#c6cc14,#f54242,#00FFFFFF,
673,Rio Missouri con Via Settembre,#42f581,#c6cc14,#f54242,#00FFFFFF,
674,Bosques Del Valle con Bosques Del Olivo,#42f581,#c6cc14,#f54242,#00FFFFFF,
675,Genaro Garza Garcia con Galeana,#42f581,#c6cc14,#f54242,#00FFFFFF,
676,Rio Suchiate con Moralillo,#42f581,#c6cc14,#f54242,#00FFFFFF,
677,L. Garza Ayala con Padre Mier,#42f581,#c6cc14,#f54242,#00FFFFFF,
678,Rio Suchiate con L. Garza Ayala,#42f581,#c6cc14,#f54242,#00FFFFFF,
679,Zinc con Azufre,#42f581,#c6cc14,#f54242,#00FFFFFF,
680,Los Soles con Cristobal Colon,#42f581,#c6cc14,#f54242,#00FFFFFF,
681,Alfonso Reyes con Candelaria,#42f581,#c6cc14,#f54242,#00FFFFFF,
682,Gomez Morin con Via Romulo,#42f581,#c6cc14,#f54242,#00FFFFFF,
683,Jeronimo Siller con Sierra Morena,#42f581,#c6cc14,#f54242,#00FFFFFF,
684,Real San Agustin con Queranzas,#42f581,#c6cc14,#f54242,#00FFFFFF,
685,Rio Missouri con Via Popilia,#42f581,#c6cc14,#f54242,#00FFFFFF,
686,Rio Orinoco con Rio Guayalejo,#42f581,#c6cc14,#f54242,#00FFFFFF,
687,Rio Suchiate con Laredo,#42f581,#c6cc14,#f54242,#00FFFFFF,
688,Rio Tamazunchale con Rio Danubio,#42f581,#c6cc14,#f54242,#00FFFFFF,
689,Jimenez con Lucio Blanco,#42f581,#c6cc14,#f54242,#00FFFFFF,
690,Rio Tamesis con Rio Madeira,#42f581,#c6cc14,#f54242,#00FFFFFF,
691,Rio Grijalva con Rio Danubio,#42f581,#c6cc14,#f54242,#00FFFFFF,
692,Rio Rosas con Rio Hudson,#42f581,#c6cc14,#f54242,#00FFFFFF,
693,L. Garza Ayala con Zaragoza,#42f581,#c6cc14,#f54242,#00FFFFFF,
694,Rio Tamazunchale con Rio Sena,#42f581,#c6cc14,#f54242,#00FFFFFF,
695,Cobalto con Division Del Norte,#42f581,#c6cc14,#f54242,#00FFFFFF,
696,Gomez Morin con Janitzio,#42f581,#c6cc14,#f54242,#00FFFFFF,
697,Los Soles con Callejon Del Caballo,#42f581,#c6cc14,#f54242,#00FFFFFF,
698,Rio Suchiate con Rio Rhin,#42f581,#c6cc14,#f54242,#00FFFFFF,
699,Alfonso Reyes con Eugenio Garza Laguera,#42f581,#c6cc14,#f54242,#00FFFFFF,
700,Callejon De Capellania con Privada Capellania,#42f581,#c6cc14,#f54242,#00FFFFFF,
701,Rio Bravo con Rio Amazonas,#42f581,#c6cc14,#f54242,#00FFFFFF,
702,Rio Mississippi con Rio Tamesis,#42f581,#c6cc14,#f54242,#00FFFFFF,
703,Rio Tamesis con Rio Rhin,#42f581,#c6cc14,#f54242,#00FFFFFF,
704,Rio Tigris con Priv. Molday,#42f581,#c6cc14,#f54242,#00FFFFFF,
705,Emiliano Zapata con A. Ruiz Cortinez,#42f581,#c6cc14,#f54242,#00FFFFFF,
706,Fuentes Del Valle con Via Luovise,#42f581,#c6cc14,#f54242,#00FFFFFF,
707,Jimenez con Cedros,#42f581,#c6cc14,#f54242,#00FFFFFF,
708,Las Torres con Platino,#42f581,#c6cc14,#f54242,#00FFFFFF,
709,Lomas Del Valle con Mirador De La Sierra,#42f581,#c6cc14,#f54242,#00FFFFFF,
710,Manuel J. Clouthier con Aluminio,#42f581,#c6cc14,#f54242,#00FFFFFF,
711,Ricardo Margain con Santa Engracia,#42f581,#c6cc14,#f54242,#00FFFFFF,
712,Roberto Garza Sada con Privada Roberto Garza Sada,#42f581,#c6cc14,#f54242,#00FFFFFF,
713,Alfonso Reyes con Valle De Chipinque,#42f581,#c6cc14,#f54242,#00FFFFFF,
714,Benito Juarez con Antonio Lopez,#42f581,#c6cc14,#f54242,#00FFFFFF,
715,Cobalto con Priv. Platino,#42f581,#c6cc14,#f54242,#00FFFFFF,
716,Corregidora con Lopez Mateos,#42f581,#c6cc14,#f54242,#00FFFFFF,
717,Emiliano Zapata con Anacleto Guerrero,#42f581,#c6cc14,#f54242,#00FFFFFF,
718,Enrique Garcia Leal con Fierro,#42f581,#c6cc14,#f54242,#00FFFFFF,
719,Fuentes Del Valle con Primera De Monte Palatino,#42f581,#c6cc14,#f54242,#00FFFFFF,
720,Grafito con Cobre,#42f581,#c6cc14,#f54242,#00FFFFFF,
721,Hidalgo con Privada Carranza,#42f581,#c6cc14,#f54242,#00FFFFFF,
722,Jeronimo Siller con Treviño,#42f581,#c6cc14,#f54242,#00FFFFFF,
723,L. Garza Ayala con Dalmonte,#42f581,#c6cc14,#f54242,#00FFFFFF,
724,L. Garza Ayala con Rio Tamuin,#42f581,#c6cc14,#f54242,#00FFFFFF,
725,Las Torres con Juan De Zumarraga,#42f581,#c6cc14,#f54242,#00FFFFFF,
726,Las Torres con Titanio,#42f581,#c6cc14,#f54242,#00FFFFFF,
727,Las Torres con Uranio,#42f581,#c6cc14,#f54242,#00FFFFFF,
728,Lomas Del Valle con Rio Suchil,#42f581,#c6cc14,#f54242,#00FFFFFF,
729,Morones Prieto con Rio Las Palmas,#42f581,#c6cc14,#f54242,#00FFFFFF,
730,Ricardo Margain con Privada Villas De Sta Engarcia,#42f581,#c6cc14,#f54242,#00FFFFFF,
731,Rio De La Plata con Rio Guayalejo,#42f581,#c6cc14,#f54242,#00FFFFFF,
732,Rio Mississippi con Rio Mosela,#42f581,#c6cc14,#f54242,#00FFFFFF,
733,Rio Suchiate con Cascada,#42f581,#c6cc14,#f54242,#00FFFFFF,
734,Rio Tamesis con Rio De La Plata,#42f581,#c6cc14,#f54242,#00FFFFFF,
735,Rio Tamuin con Rio Don,#42f581,#c6cc14,#f54242,#00FFFFFF,
736,Bosques Del Valle con Bosques De Catemaco,#42f581,#c6cc14,#f54242,#00FFFFFF,
737,Jimenez con Libertad,#42f581,#c6cc14,#f54242,#00FFFFFF,
738,Callejon De Capellania con Santa Monica,#42f581,#c6cc14,#f54242,#00FFFFFF,
739,Rio Bravo con Via Angelica,#42f581,#c6cc14,#f54242,#00FFFFFF,
740,Santa Barbara con 16 De Sep.,#42f581,#c6cc14,#f54242,#00FFFFFF,
741,Grafito con Antimonio,#42f581,#c6cc14,#f54242,#00FFFFFF,
742,Emiliano Zapata con Plan De Ayala,#42f581,#c6cc14,#f54242,#00FFFFFF,
743,Fuentes Del Valle con Rio Suchiate,#42f581,#c6cc14,#f54242,#00FFFFFF,
744,Hidalgo con 16 De Sep.,#42f581,#c6cc14,#f54242,#00FFFFFF,
745,Jimenez con Maria Cantu,#42f581,#c6cc14,#f54242,#00FFFFFF,
746,L. Garza Ayala con Justo Sierra,#42f581,#c6cc14,#f54242,#00FFFFFF,
747,Emiliano Zapata con Miguel Aleman,#42f581,#c6cc14,#f54242,#00FFFFFF,
748,Via Savotino con Via Salaria,#42f581,#c6cc14,#f54242,#00FFFFFF,
749,Benito Juarez con L. Garza Ayala,#42f581,#c6cc14,#f54242,#00FFFFFF,
750,Corregidora con L. Garza Ayala,#42f581,#c6cc14,#f54242,#00FFFFFF,
751,Hidalgo con Emilio Carranza,#42f581,#c6cc14,#f54242,#00FFFFFF,
752,Alfonso Reyes con Bos. De Viena,#42f581,#c6cc14,#f54242,#00FFFFFF,
753,Hidalgo con Independencia,#42f581,#c6cc14,#f54242,#00FFFFFF,
754,L. Garza Ayala con Degollado,#42f581,#c6cc14,#f54242,#00FFFFFF,
755,Calzada Del Rosario con Santa Cecilia,#42f581,#c6cc14,#f54242,#00FFFFFF,
756,Hidalgo con 2 De Abril,#42f581,#c6cc14,#f54242,#00FFFFFF,
757,L. Garza Ayala con Matamoros,#42f581,#c6cc14,#f54242,#00FFFFFF,
758,Manuel J. Clouthier con Ruiz Cortines,#42f581,#c6cc14,#f54242,#00FFFFFF,
759,Rio De La Plata con Rio Salinas,#42f581,#c6cc14,#f54242,#00FFFFFF,
760,Rio Orinoco con Rio Balsas,#42f581,#c6cc14,#f54242,#00FFFFFF,
761,Cobalto con Antimonio,#42f581,#c6cc14,#f54242,#00FFFFFF,
762,Gomez Morin con Uxmal,#42f581,#c6cc14,#f54242,#00FFFFFF,
763,Grafito con Carbono,#42f581,#c6cc14,#f54242,#00FFFFFF,
764,Jimenez con Los Fresnos,#42f581,#c6cc14,#f54242,#00FFFFFF,
765,Jose Vasconcelos con Montes Urales,#42f581,#c6cc14,#f54242,#00FFFFFF,
766,L. Garza Ayala con Guerrero,#42f581,#c6cc14,#f54242,#00FFFFFF,
767,Porfirio Diaz con Hidalgo,#42f581,#c6cc14,#f54242,#00FFFFFF,
768,Real San Agustin con Lirios,#42f581,#c6cc14,#f54242,#00FFFFFF,
769,Rio Bravo con Rio Las Palmas,#42f581,#c6cc14,#f54242,#00FFFFFF,
770,Rio Bravo con Rio Potomac,#42f581,#c6cc14,#f54242,#00FFFFFF,
771,Rio Suchiate con Rio Nilo,#42f581,#c6cc14,#f54242,#00FFFFFF,
772,Rio Tamuin con Rio Mayo,#42f581,#c6cc14,#f54242,#00FFFFFF,
773,Plutarco Elias Calles con Hacienda Del Valle,#42f581,#c6cc14,#f54242,#00FFFFFF,
774,Rio Suchiate con Tuxtepec,#42f581,#c6cc14,#f54242,#00FFFFFF,
775,Los Soles con Torrevillas,#42f581,#c6cc14,#f54242,#00FFFFFF,
776,Montes Rocallosos con Sierra Mijes,#42f581,#c6cc14,#f54242,#00FFFFFF,
777,Cobalto con Plata,#42f581,#c6cc14,#f54242,#00FFFFFF,
778,Corregidora con Galeana,#42f581,#c6cc14,#f54242,#00FFFFFF,
779,Hidalgo con Galeana,#42f581,#c6cc14,#f54242,#00FFFFFF,
780,L. Garza Ayala con Lic. Verdad,#42f581,#c6cc14,#f54242,#00FFFFFF,
781,Lazaro Cardenas con Savila,#42f581,#c6cc14,#f54242,#00FFFFFF,
782,Bosques Del Valle con Prol. Maria De Los Angeles,#42f581,#c6cc14,#f54242,#00FFFFFF,
783,Bosques Del Valle con Sierra De Juarez,#42f581,#c6cc14,#f54242,#00FFFFFF,
784,Callejon De Capellania con Mimbre,#42f581,#c6cc14,#f54242,#00FFFFFF,
785,Fuentes Del Valle con Via Julio Cesar,#42f581,#c6cc14,#f54242,#00FFFFFF,
786,Grafito con Sodio,#42f581,#c6cc14,#f54242,#00FFFFFF,
787,Hidalgo con Priv. Parque,#42f581,#c6cc14,#f54242,#00FFFFFF,
788,L. Garza Ayala con Diego De Montemayor,#42f581,#c6cc14,#f54242,#00FFFFFF,
789,Los Soles con Mirador Del Campestre,#42f581,#c6cc14,#f54242,#00FFFFFF,
790,Manuel J. Clouthier con Carbono,#42f581,#c6cc14,#f54242,#00FFFFFF,
791,Plutarco Elias Calles con Laredo,#42f581,#c6cc14,#f54242,#00FFFFFF,
792,Porfirio Diaz con Gral Naranjo,#42f581,#c6cc14,#f54242,#00FFFFFF,
793,Real San Agustin con Jaguarundi,#42f581,#c6cc14,#f54242,#00FFFFFF,
794,Rio Mississippi con Rio Balsas,#42f581,#c6cc14,#f54242,#00FFFFFF,
795,Rio Missouri con Via Lata,#42f581,#c6cc14,#f54242,#00FFFFFF,
796,Rio Moctezuma con Rio Danubio,#42f581,#c6cc14,#f54242,#00FFFFFF,
797,Benito Juarez con Puebla,#42f581,#c6cc14,#f54242,#00FFFFFF,
798,Emiliano Zapata con Luis Cabrera,#42f581,#c6cc14,#f54242,#00FFFFFF,
799,Fuentes Del Valle con Via Appia,#42f581,#c6cc14,#f54242,#00FFFFFF,
800,Hidalgo con Priv. Hidalgo,#42f581,#c6cc14,#f54242,#00FFFFFF,
801,Jeronimo Siller con Cerro Prieto,#42f581,#c6cc14,#f54242,#00FFFFFF,
802,Jimenez con Granada,#42f581,#c6cc14,#f54242,#00FFFFFF,
803,Jimenez con Niños Heroes,#42f581,#c6cc14,#f54242,#00FFFFFF,
804,L. Garza Ayala con A. Siller,#42f581,#c6cc14,#f54242,#00FFFFFF,
805,Las Torres con Alejandro Vi,#42f581,#c6cc14,#f54242,#00FFFFFF,
806,Rio Bravo con Rio Nilo,#42f581,#c6cc14,#f54242,#00FFFFFF,
807,Rio Missouri con Rio Tamesis,#42f581,#c6cc14,#f54242,#00FFFFFF,
808,Rio Moctezuma con Rio Caura,#42f581,#c6cc14,#f54242,#00FFFFFF,
809,Rio Orinoco con Rio Suchiate,#42f581,#c6cc14,#f54242,#00FFFFFF,
810,Rio Suchiate con Priv. Tuxtepec,#42f581,#c6cc14,#f54242,#00FFFFFF,
811,Rio Suchiate con Rio De La Plata,#42f581,#c6cc14,#f54242,#00FFFFFF,
812,Rio Suchiate con Rio Potomac,#42f581,#c6cc14,#f54242,#00FFFFFF,
813,Roberto Garza Sada con Bosques Mexicanos,#42f581,#c6cc14,#f54242,#00FFFFFF,
814,Roberto Garza Sada con Priv. Colina Azul,#42f581,#c6cc14,#f54242,#00FFFFFF,
815,L. Garza Ayala con Los Aldama,#42f581,#c6cc14,#f54242,#00FFFFFF,
816,Bosques Del Valle con Bosques De Irlanda,#42f581,#c6cc14,#f54242,#00FFFFFF,
817,Bosques Del Valle con Bosques De Tahiti,#42f581,#c6cc14,#f54242,#00FFFFFF,
818,Hidalgo con Niños Heroes,#42f581,#c6cc14,#f54242,#00FFFFFF,
819,L. Garza Ayala con Natividad Garcia,#42f581,#c6cc14,#f54242,#00FFFFFF,
820,Porfirio Diaz con Genaro Garza Garcia,#42f581,#c6cc14,#f54242,#00FFFFFF,
821,Roberto Garza Sada con Juan Crouset,#42f581,#c6cc14,#f54242,#00FFFFFF,
822,Lazaro Cardenas con Sierra Leona,#42f581,#c6cc14,#f54242,#00FFFFFF,
823,Lomas Del Valle con Priv. Laredo,#42f581,#c6cc14,#f54242,#00FFFFFF,
824,Rio Moctezuma con Via Savotino,#42f581,#c6cc14,#f54242,#00FFFFFF,
825,Rio Suchiate con Rio Missouri,#42f581,#c6cc14,#f54242,#00FFFFFF,
826,Rio Tigris con Maria De Los Angeles,#42f581,#c6cc14,#f54242,#00FFFFFF,
827,Rio Tigris con Rio Brenta,#42f581,#c6cc14,#f54242,#00FFFFFF,
828,Alfonso Reyes con Frente Colegio Cecvac,#42f581,#c6cc14,#f54242,#00FFFFFF,
829,Benito Juarez con Fco. I. Madero,#42f581,#c6cc14,#f54242,#00FFFFFF,
830,Bosques Del Valle con Bosques De Francia,#42f581,#c6cc14,#f54242,#00FFFFFF,
831,Bosques Del Valle con Bosques De Saigon,#42f581,#c6cc14,#f54242,#00FFFFFF,
832,Corregidora con Eulalio Guzman,#42f581,#c6cc14,#f54242,#00FFFFFF,
833,Corregidora con Priv. Parque,#42f581,#c6cc14,#f54242,#00FFFFFF,
834,Corregidora con Puebla,#42f581,#c6cc14,#f54242,#00FFFFFF,
835,Diaz Ordaz con Paseo Del Molino,#42f581,#c6cc14,#f54242,#00FFFFFF,
836,Emiliano Zapata con Fco. Cardenas,#42f581,#c6cc14,#f54242,#00FFFFFF,
837,Genaro Garza Garcia con Risco,#42f581,#c6cc14,#f54242,#00FFFFFF,
838,Hidalgo con Privada Sierra Madre,#42f581,#c6cc14,#f54242,#00FFFFFF,
839,Jeronimo Siller con Sierra De Juarez,#42f581,#c6cc14,#f54242,#00FFFFFF,
840,L. Garza Ayala con Gral. Treviño,#42f581,#c6cc14,#f54242,#00FFFFFF,
841,Lazaro Cardenas con Privada Villas De Santa Engracia,#42f581,#c6cc14,#f54242,#00FFFFFF,
842,Lomas Del Valle con Privada Usumacinta,#42f581,#c6cc14,#f54242,#00FFFFFF,
843,Porfirio Diaz con Abasolo,#42f581,#c6cc14,#f54242,#00FFFFFF,
844,Rio De La Plata con Rio Potosi,#42f581,#c6cc14,#f54242,#00FFFFFF,
845,Rio Orinoco con Rio San Juan,#42f581,#c6cc14,#f54242,#00FFFFFF,
846,Rio Suchiate con Rio Suchil,#42f581,#c6cc14,#f54242,#00FFFFFF,
847,Rio Tamesis con Rio Navia,#42f581,#c6cc14,#f54242,#00FFFFFF,
848,Alfonso Reyes con Priv. Rio Akumal,#42f581,#c6cc14,#f54242,#00FFFFFF,
849,Alfonso Reyes con Prol. Monte Falco,#42f581,#c6cc14,#f54242,#00FFFFFF,
850,Calzada Del Rosario con Genoveva,#42f581,#c6cc14,#f54242,#00FFFFFF,
851,Calzada Del Rosario con Maria De Los Angeles,#42f581,#c6cc14,#f54242,#00FFFFFF,
852,Calzada Del Rosario con Santa Martha,#42f581,#c6cc14,#f54242,#00FFFFFF,
853,Corregidora con Fco. I. Madero,#42f581,#c6cc14,#f54242,#00FFFFFF,
854,Corregidora con Parque,#42f581,#c6cc14,#f54242,#00FFFFFF,
855,Diaz Ordaz con Paseo Del Seminario,#42f581,#c6cc14,#f54242,#00FFFFFF,
856,Emiliano Zapata con R. Gonzalez Garza,#42f581,#c6cc14,#f54242,#00FFFFFF,
857,Eugenio Garza Laguera con Callejon De Las Privanzas,#42f581,#c6cc14,#f54242,#00FFFFFF,
858,Genaro Garza Garcia con Peñas,#42f581,#c6cc14,#f54242,#00FFFFFF,
859,Genaro Garza Garcia con Puebla,#42f581,#c6cc14,#f54242,#00FFFFFF,
860,Gomez Morin con Loma Blanca,#42f581,#c6cc14,#f54242,#00FFFFFF,
861,Gomez Morin con Versalles,#42f581,#c6cc14,#f54242,#00FFFFFF,
862,Guillermo Prieto con Puebla,#42f581,#c6cc14,#f54242,#00FFFFFF,
863,Jeronimo Siller con Cerrada De Los Nogales,#42f581,#c6cc14,#f54242,#00FFFFFF,
864,Jeronimo Siller con El Duomo,#42f581,#c6cc14,#f54242,#00FFFFFF,
865,Jeronimo Siller con Torre De Pisa,#42f581,#c6cc14,#f54242,#00FFFFFF,
866,Jose Vasconcelos con Priv. Carranza,#42f581,#c6cc14,#f54242,#00FFFFFF,
867,L. Garza Ayala con Priv. Acuerdos,#42f581,#c6cc14,#f54242,#00FFFFFF,
868,Las Torres con Aluminio,#42f581,#c6cc14,#f54242,#00FFFFFF,
869,Manuel J. Clouthier con Andador De Corregidora,#42f581,#c6cc14,#f54242,#00FFFFFF,
870,Plutarco Elias Calles con Privada 1,#42f581,#c6cc14,#f54242,#00FFFFFF,
871,Rio Bravo con Rio Madeira,#42f581,#c6cc14,#f54242,#00FFFFFF,
872,Rio De La Plata con Rio De La Silla,#42f581,#c6cc14,#f54242,#00FFFFFF,
873,Rio De La Plata con Rio La Silla,#42f581,#c6cc14,#f54242,#00FFFFFF,
874,Rio De La Plata con Rio Pilon,#42f581,#c6cc14,#f54242,#00FFFFFF,
875,Rio De La Plata con Rio San Juan,#42f581,#c6cc14,#f54242,#00FFFFFF,
876,Rio Mississippi con Rio San Juan,#42f581,#c6cc14,#f54242,#00FFFFFF,
877,Rio Missouri con Via Clodia,#42f581,#c6cc14,#f54242,#00FFFFFF,
878,Rio Suchiate con Corona,#42f581,#c6cc14,#f54242,#00FFFFFF,
879,Rio Suchiate con Palmas,#42f581,#c6cc14,#f54242,#00FFFFFF,
880,Rio Suchiate con Rio Madeira,#42f581,#c6cc14,#f54242,#00FFFFFF,
881,Rio Tamesis con Palmas,#42f581,#c6cc14,#f54242,#00FFFFFF,
882,Rio Tamesis con Rio Elba,#42f581,#c6cc14,#f54242,#00FFFFFF,
883,Rio Tamesis con Rio Las Palmas,#42f581,#c6cc14,#f54242,#00FFFFFF,
884,Rio Tamuin con Rio Atoyac,#42f581,#c6cc14,#f54242,#00FFFFFF,
885,Roberto Garza Sada con Maria De Los Angeles,#42f581,#c6cc14,#f54242,#00FFFFFF,
886,Roberto Garza Sada con Priv. Rio Akumal,#42f581,#c6cc14,#f54242,#00FFFFFF,
887,Roberto Garza Sada con Privada Del Retorno,#42f581,#c6cc14,#f54242,#00FFFFFF,
888,Via Savotino con Tiberio Graco,#42f581,#c6cc14,#f54242,#00FFFFFF,
889,Alfonso Reyes con Herradura,#42f581,#c6cc14,#f54242,#00FFFFFF,
890,Rio Bravo con Rio Danubio,#42f581,#c6cc14,#f54242,#00FFFFFF,
891,Rio Bravo con Rio Navia,#42f581,#c6cc14,#f54242,#00FFFFFF,
892,Rio Tigris con Rio Ebro,#42f581,#c6cc14,#f54242,#00FFFFFF,
893,Lazaro Cardenas con Paseo Elizabeth,#42f581,#c6cc14,#f54242,#00FFFFFF,
894,Roberto Garza Sada con A. Gonzalez,#42f581,#c6cc14,#f54242,#00FFFFFF,
895,Alfonso Reyes con Centenario,#42f581,#c6cc14,#f54242,#00FFFFFF,
896,Alfonso Reyes con Priv. J.I. Ramon,#42f581,#c6cc14,#f54242,#00FFFFFF,
897,Corregidora con Las Torres,#42f581,#c6cc14,#f54242,#00FFFFFF,
898,Corregidora con Lerdo De Tejada,#42f581,#c6cc14,#f54242,#00FFFFFF,
899,Corregidora con Rincon De Las Mitras,#42f581,#c6cc14,#f54242,#00FFFFFF,
900,Fuentes Del Valle con Monte Esquilino,#42f581,#c6cc14,#f54242,#00FFFFFF,
901,Fuentes Del Valle con Via Trionfa,#42f581,#c6cc14,#f54242,#00FFFFFF,
902,Gomez Morin con Via Julio Cesar,#42f581,#c6cc14,#f54242,#00FFFFFF,
903,Grafito con Plata,#42f581,#c6cc14,#f54242,#00FFFFFF,
904,Jeronimo Siller con Profa. Enedina Garcia,#42f581,#c6cc14,#f54242,#00FFFFFF,
905,L. Garza Ayala con Epigmenio Garcia,#42f581,#c6cc14,#f54242,#00FFFFFF,
906,Lazaro Cardenas con Paseo Sandra,#42f581,#c6cc14,#f54242,#00FFFFFF,
907,Manuel J. Clouthier con Colinas Del Valle,#42f581,#c6cc14,#f54242,#00FFFFFF,
908,Plutarco Elias Calles con Privada 16 De Septiembre,#42f581,#c6cc14,#f54242,#00FFFFFF,
909,Porfirio Diaz con Diego De Montemayor,#42f581,#c6cc14,#f54242,#00FFFFFF,
910,Real San Agustin con Ant. Cam A San Agustin,#42f581,#c6cc14,#f54242,#00FFFFFF,
911,Rio Mississippi con Rio Pilon,#42f581,#c6cc14,#f54242,#00FFFFFF,
912,Rio Missouri con Rio Guayalejo,#42f581,#c6cc14,#f54242,#00FFFFFF,
913,Rio Suchiate con Usumacinta,#42f581,#c6cc14,#f54242,#00FFFFFF,
914,Rio Tigris con Privada Rio Tigris,#42f581,#c6cc14,#f54242,#00FFFFFF,
915,Santa Barbara con Priv. Isaac Garza,#42f581,#c6cc14,#f54242,#00FFFFFF,
916,Gomez Morin con Teotihuacan,#42f581,#c6cc14,#f54242,#00FFFFFF,
